Spotify URI,Voter ID,Created,Points Assigned,Comment,Round ID
spotify:track:3nCghxfsyu6WuyCiXiYOOT,b1d3b6bb237f476daab860bce327dbd6,2022-03-09T01:14:10Z,4,"I usually don't like super slow covers, but this one was creepy and perfect. Excellent submission!",6e6d6d9948a742058f6e88981fecb08e
spotify:track:3sGfVqsXBflIQEbRhyztWC,b1d3b6bb237f476daab860bce327dbd6,2022-03-09T01:14:10Z,1,Love it! I giggled.,6e6d6d9948a742058f6e88981fecb08e
spotify:track:49fMoo4BSpdpr00r2ESLRq,b1d3b6bb237f476daab860bce327dbd6,2022-03-09T01:14:10Z,5,"Holy s***. This is hands-down one of my favorite songs, and I love listening to it while playing battlestar Galactica. Have on my points. Take them.",6e6d6d9948a742058f6e88981fecb08e
spotify:track:08o75xMKmGrKny6GsXrNJW,d21152e7d3cd4a69b0951abdfe3e1480,2022-03-09T11:32:58Z,3,I never lie in a social deduction game. I just leave out the truth. It's much more fun that way.,6e6d6d9948a742058f6e88981fecb08e
spotify:track:0cJPLFrlV7TTCyPLupHzcH,d21152e7d3cd4a69b0951abdfe3e1480,2022-03-09T11:32:58Z,2,I will definitely get fooled again.,6e6d6d9948a742058f6e88981fecb08e
spotify:track:1VDrr7mGwySr0hOBHOexTx,d21152e7d3cd4a69b0951abdfe3e1480,2022-03-09T11:32:58Z,0,Guys...where are we?,6e6d6d9948a742058f6e88981fecb08e
spotify:track:49fMoo4BSpdpr00r2ESLRq,d21152e7d3cd4a69b0951abdfe3e1480,2022-03-09T11:32:58Z,2,,6e6d6d9948a742058f6e88981fecb08e
spotify:track:6DCALWbYX0BCOAGy0hMmRs,d21152e7d3cd4a69b0951abdfe3e1480,2022-03-09T11:32:58Z,1,,6e6d6d9948a742058f6e88981fecb08e
spotify:track:6UtpOAQMPOYVDHBhj0o0CF,d21152e7d3cd4a69b0951abdfe3e1480,2022-03-09T11:32:58Z,0,[insert joke about Scarlett Johansson saying Trust In Me while taking non-white roles here],6e6d6d9948a742058f6e88981fecb08e
spotify:track:6v1jIacWXqK1FeSEnadbIt,d21152e7d3cd4a69b0951abdfe3e1480,2022-03-09T11:32:58Z,2,"This was a bit of a mood whiplash, and as I suggested something that would cause confusion...",6e6d6d9948a742058f6e88981fecb08e
spotify:track:3nCghxfsyu6WuyCiXiYOOT,b0415b544bb44324a6afca46625ea1a7,2022-03-09T13:44:48Z,5,This is hilarious. It sounds like it's from the Oblivion Soundtrack. *Great* cover for the playlist.,6e6d6d9948a742058f6e88981fecb08e
spotify:track:6ceIv84bid4f4cyPC4QmcW,b0415b544bb44324a6afca46625ea1a7,2022-03-09T13:44:48Z,2,Pretty great pick. Like the cover.,6e6d6d9948a742058f6e88981fecb08e
spotify:track:6v1jIacWXqK1FeSEnadbIt,b0415b544bb44324a6afca46625ea1a7,2022-03-09T13:44:48Z,2,Kudos to picking a non-obvious song with great lyrical relavance.,6e6d6d9948a742058f6e88981fecb08e
spotify:track:7jDzFuIove9R2ZjwAL3Cok,b0415b544bb44324a6afca46625ea1a7,2022-03-09T13:44:48Z,1,Paddy? So different... Gotta give a point for sticking to his guns.,6e6d6d9948a742058f6e88981fecb08e
spotify:track:0cJPLFrlV7TTCyPLupHzcH,6ce162a9365146b1913d3e4c9736c280,2022-03-09T23:15:15Z,1,,6e6d6d9948a742058f6e88981fecb08e
spotify:track:49fMoo4BSpdpr00r2ESLRq,6ce162a9365146b1913d3e4c9736c280,2022-03-09T23:15:15Z,4,,6e6d6d9948a742058f6e88981fecb08e
spotify:track:6DCALWbYX0BCOAGy0hMmRs,6ce162a9365146b1913d3e4c9736c280,2022-03-09T23:15:15Z,2,,6e6d6d9948a742058f6e88981fecb08e
spotify:track:6UtpOAQMPOYVDHBhj0o0CF,6ce162a9365146b1913d3e4c9736c280,2022-03-09T23:15:15Z,2,,6e6d6d9948a742058f6e88981fecb08e
spotify:track:7jDzFuIove9R2ZjwAL3Cok,6ce162a9365146b1913d3e4c9736c280,2022-03-09T23:15:15Z,1,,6e6d6d9948a742058f6e88981fecb08e
spotify:track:08o75xMKmGrKny6GsXrNJW,36d943fd539042239fb5646d50d0a9ad,2022-03-10T04:32:49Z,2,"The 80s really did a number on the great UK acts from the 70s, but still this song is fun so points",6e6d6d9948a742058f6e88981fecb08e
spotify:track:0cJPLFrlV7TTCyPLupHzcH,36d943fd539042239fb5646d50d0a9ad,2022-03-10T04:32:49Z,0,I won't get fooled ... into voting for this song,6e6d6d9948a742058f6e88981fecb08e
spotify:track:1VDrr7mGwySr0hOBHOexTx,36d943fd539042239fb5646d50d0a9ad,2022-03-10T04:32:49Z,4,"Points for being the only actual song on this list you'd play during a night of social deduction.  But, why this particular track?  Want to hear the submittor's thoughts.",6e6d6d9948a742058f6e88981fecb08e
spotify:track:3sGfVqsXBflIQEbRhyztWC,36d943fd539042239fb5646d50d0a9ad,2022-03-10T04:32:49Z,1,,6e6d6d9948a742058f6e88981fecb08e
spotify:track:6ceIv84bid4f4cyPC4QmcW,36d943fd539042239fb5646d50d0a9ad,2022-03-10T04:32:49Z,1,,6e6d6d9948a742058f6e88981fecb08e
spotify:track:6DCALWbYX0BCOAGy0hMmRs,36d943fd539042239fb5646d50d0a9ad,2022-03-10T04:32:49Z,1,,6e6d6d9948a742058f6e88981fecb08e
spotify:track:6v1jIacWXqK1FeSEnadbIt,36d943fd539042239fb5646d50d0a9ad,2022-03-10T04:32:49Z,1,,6e6d6d9948a742058f6e88981fecb08e
spotify:track:7jDzFuIove9R2ZjwAL3Cok,36d943fd539042239fb5646d50d0a9ad,2022-03-10T04:32:49Z,0,Are you saying social deduction is dumb?,6e6d6d9948a742058f6e88981fecb08e
spotify:track:08o75xMKmGrKny6GsXrNJW,b980e47a32c74ddb9f30e77e1959157a,2022-03-10T23:58:49Z,2,,6e6d6d9948a742058f6e88981fecb08e
spotify:track:0cJPLFrlV7TTCyPLupHzcH,b980e47a32c74ddb9f30e77e1959157a,2022-03-10T23:58:49Z,1,,6e6d6d9948a742058f6e88981fecb08e
spotify:track:6ceIv84bid4f4cyPC4QmcW,b980e47a32c74ddb9f30e77e1959157a,2022-03-10T23:58:49Z,2,,6e6d6d9948a742058f6e88981fecb08e
spotify:track:6UtpOAQMPOYVDHBhj0o0CF,b980e47a32c74ddb9f30e77e1959157a,2022-03-10T23:58:49Z,3,,6e6d6d9948a742058f6e88981fecb08e
spotify:track:6v1jIacWXqK1FeSEnadbIt,b980e47a32c74ddb9f30e77e1959157a,2022-03-10T23:58:49Z,2,,6e6d6d9948a742058f6e88981fecb08e
spotify:track:08o75xMKmGrKny6GsXrNJW,19eff85db4e848b5883f12fff6042b18,2022-03-11T05:04:12Z,3,,6e6d6d9948a742058f6e88981fecb08e
spotify:track:2HInokqfDF4CUbjLPWyZH5,19eff85db4e848b5883f12fff6042b18,2022-03-11T05:04:12Z,0,I did Footloose in HS and this song makes me die of embarrassment. ,6e6d6d9948a742058f6e88981fecb08e
spotify:track:3nCghxfsyu6WuyCiXiYOOT,19eff85db4e848b5883f12fff6042b18,2022-03-11T05:04:12Z,1,,6e6d6d9948a742058f6e88981fecb08e
spotify:track:3sGfVqsXBflIQEbRhyztWC,19eff85db4e848b5883f12fff6042b18,2022-03-11T05:04:12Z,3,,6e6d6d9948a742058f6e88981fecb08e
spotify:track:49fMoo4BSpdpr00r2ESLRq,19eff85db4e848b5883f12fff6042b18,2022-03-11T05:04:12Z,3,,6e6d6d9948a742058f6e88981fecb08e
spotify:track:08o75xMKmGrKny6GsXrNJW,43c8053c706643709c37d432b5118001,2022-03-11T19:10:20Z,1,I always forget how long Fleetwood Mac has been around,6e6d6d9948a742058f6e88981fecb08e
spotify:track:0cJPLFrlV7TTCyPLupHzcH,43c8053c706643709c37d432b5118001,2022-03-11T19:10:20Z,1,,6e6d6d9948a742058f6e88981fecb08e
spotify:track:1VDrr7mGwySr0hOBHOexTx,43c8053c706643709c37d432b5118001,2022-03-11T19:10:20Z,1,,6e6d6d9948a742058f6e88981fecb08e
spotify:track:3nCghxfsyu6WuyCiXiYOOT,43c8053c706643709c37d432b5118001,2022-03-11T19:10:20Z,1,"Oooh I would've submitted the original if I had thought of it, excellent song!",6e6d6d9948a742058f6e88981fecb08e
spotify:track:49fMoo4BSpdpr00r2ESLRq,43c8053c706643709c37d432b5118001,2022-03-11T19:10:20Z,1,I need to watch this series at some point,6e6d6d9948a742058f6e88981fecb08e
spotify:track:6ceIv84bid4f4cyPC4QmcW,43c8053c706643709c37d432b5118001,2022-03-11T19:10:20Z,3,Ooof hits me in the acoustic feels... hoping to get out to hear live music like this over the summer!,6e6d6d9948a742058f6e88981fecb08e
spotify:track:6UtpOAQMPOYVDHBhj0o0CF,43c8053c706643709c37d432b5118001,2022-03-11T19:10:20Z,2,,6e6d6d9948a742058f6e88981fecb08e
spotify:track:08o75xMKmGrKny6GsXrNJW,9e5c0f25c78544de921a2a52b9412022,2022-03-11T20:25:47Z,2,Fitting and a good enough song to steal a point from “lie to me”.,6e6d6d9948a742058f6e88981fecb08e
spotify:track:0cJPLFrlV7TTCyPLupHzcH,9e5c0f25c78544de921a2a52b9412022,2022-03-11T20:25:47Z,1,"Mixed feelings on the length of this. I think it is applicable for the theme of background music, (in addition to being relevant) so here’s a point.",6e6d6d9948a742058f6e88981fecb08e
spotify:track:1VDrr7mGwySr0hOBHOexTx,9e5c0f25c78544de921a2a52b9412022,2022-03-11T20:25:47Z,1,"An instrumental seems like a pretty fitting approach to the theme, and the tone of the music works. Though I’d love a more applicable title, but w/e.",6e6d6d9948a742058f6e88981fecb08e
spotify:track:2HInokqfDF4CUbjLPWyZH5,9e5c0f25c78544de921a2a52b9412022,2022-03-11T20:25:47Z,1,,6e6d6d9948a742058f6e88981fecb08e
spotify:track:3nCghxfsyu6WuyCiXiYOOT,9e5c0f25c78544de921a2a52b9412022,2022-03-11T20:25:47Z,1,,6e6d6d9948a742058f6e88981fecb08e
spotify:track:49fMoo4BSpdpr00r2ESLRq,9e5c0f25c78544de921a2a52b9412022,2022-03-11T20:25:47Z,0,"I see what you did there. Unfortunately, I decided to avoid picking songs with specific game references unless they were applicable to the entire genre and this one didn’t hit that mark for me.",6e6d6d9948a742058f6e88981fecb08e
spotify:track:6DCALWbYX0BCOAGy0hMmRs,9e5c0f25c78544de921a2a52b9412022,2022-03-11T20:25:47Z,0,Theme fitting but I didn’t like the song :-/,6e6d6d9948a742058f6e88981fecb08e
spotify:track:6UtpOAQMPOYVDHBhj0o0CF,9e5c0f25c78544de921a2a52b9412022,2022-03-11T20:25:47Z,3,Fits theme and hammers the key objective. Solid.,6e6d6d9948a742058f6e88981fecb08e
spotify:track:6v1jIacWXqK1FeSEnadbIt,9e5c0f25c78544de921a2a52b9412022,2022-03-11T20:25:47Z,1,Fitting and a nice change of pace,6e6d6d9948a742058f6e88981fecb08e
spotify:track:7jDzFuIove9R2ZjwAL3Cok,9e5c0f25c78544de921a2a52b9412022,2022-03-11T20:25:47Z,0,"An instrumental - great. I don’t get it otherwise. Maybe that’s it? If the tone were more suspenseful, I’d give you a point.",6e6d6d9948a742058f6e88981fecb08e
spotify:track:08o75xMKmGrKny6GsXrNJW,a2fc223a9f144363a5263c63b718a7b9,2022-03-11T22:17:48Z,2,,6e6d6d9948a742058f6e88981fecb08e
spotify:track:0cJPLFrlV7TTCyPLupHzcH,a2fc223a9f144363a5263c63b718a7b9,2022-03-11T22:17:48Z,1,,6e6d6d9948a742058f6e88981fecb08e
spotify:track:1VDrr7mGwySr0hOBHOexTx,a2fc223a9f144363a5263c63b718a7b9,2022-03-11T22:17:48Z,2,Extra point for being bold enough to go on vibes alone,6e6d6d9948a742058f6e88981fecb08e
spotify:track:3nCghxfsyu6WuyCiXiYOOT,a2fc223a9f144363a5263c63b718a7b9,2022-03-11T22:17:48Z,1,,6e6d6d9948a742058f6e88981fecb08e
spotify:track:6ceIv84bid4f4cyPC4QmcW,a2fc223a9f144363a5263c63b718a7b9,2022-03-11T22:17:48Z,2,,6e6d6d9948a742058f6e88981fecb08e
spotify:track:6DCALWbYX0BCOAGy0hMmRs,a2fc223a9f144363a5263c63b718a7b9,2022-03-11T22:17:48Z,1,,6e6d6d9948a742058f6e88981fecb08e
spotify:track:6UtpOAQMPOYVDHBhj0o0CF,a2fc223a9f144363a5263c63b718a7b9,2022-03-11T22:17:48Z,1,,6e6d6d9948a742058f6e88981fecb08e
spotify:track:08o75xMKmGrKny6GsXrNJW,e1a362ba4ee648dd9f6f5e72bba8144a,2022-03-12T00:09:04Z,2,,6e6d6d9948a742058f6e88981fecb08e
spotify:track:3nCghxfsyu6WuyCiXiYOOT,e1a362ba4ee648dd9f6f5e72bba8144a,2022-03-12T00:09:04Z,2,,6e6d6d9948a742058f6e88981fecb08e
spotify:track:3sGfVqsXBflIQEbRhyztWC,e1a362ba4ee648dd9f6f5e72bba8144a,2022-03-12T00:09:04Z,2,,6e6d6d9948a742058f6e88981fecb08e
spotify:track:6ceIv84bid4f4cyPC4QmcW,e1a362ba4ee648dd9f6f5e72bba8144a,2022-03-12T00:09:04Z,2,,6e6d6d9948a742058f6e88981fecb08e
spotify:track:6DCALWbYX0BCOAGy0hMmRs,e1a362ba4ee648dd9f6f5e72bba8144a,2022-03-12T00:09:04Z,2,,6e6d6d9948a742058f6e88981fecb08e
spotify:track:08o75xMKmGrKny6GsXrNJW,395e5c719c574cbd81ec148a0e6a28c6,2022-03-12T00:10:20Z,0,"The title fits, but the vibe feels too off-theme for me.",6e6d6d9948a742058f6e88981fecb08e
spotify:track:0cJPLFrlV7TTCyPLupHzcH,395e5c719c574cbd81ec148a0e6a28c6,2022-03-12T00:10:20Z,0,"The title fits, but the lyrics and vibe feel too off-theme for me.",6e6d6d9948a742058f6e88981fecb08e
spotify:track:2HInokqfDF4CUbjLPWyZH5,395e5c719c574cbd81ec148a0e6a28c6,2022-03-12T00:10:20Z,1,"Lyrics fit, but the song itself is not great.  I admit to possibly being biased because I have listened to the movie soundtrack approximately 50 bajillion times (and those lyrics don't fit here)",6e6d6d9948a742058f6e88981fecb08e
spotify:track:3nCghxfsyu6WuyCiXiYOOT,395e5c719c574cbd81ec148a0e6a28c6,2022-03-12T00:10:20Z,1,"Paranoia vibes are appropriate.  However, the music is too distracting for game night.",6e6d6d9948a742058f6e88981fecb08e
spotify:track:3sGfVqsXBflIQEbRhyztWC,395e5c719c574cbd81ec148a0e6a28c6,2022-03-12T00:10:20Z,0,"I feel like this song would be a great submission for the week ""Scene: You're Undercover And Trying To Seduce Your Mark"".  Adding this to the sheet.",6e6d6d9948a742058f6e88981fecb08e
spotify:track:49fMoo4BSpdpr00r2ESLRq,395e5c719c574cbd81ec148a0e6a28c6,2022-03-12T00:10:20Z,0,"I get what you're going for, since I am familiar with the show (no spoilers) but I always thought this song was such a bizarre and ill-fitting choice and listening to it in the context of this playlist has not convinced me otherwise.",6e6d6d9948a742058f6e88981fecb08e
spotify:track:6ceIv84bid4f4cyPC4QmcW,395e5c719c574cbd81ec148a0e6a28c6,2022-03-12T00:10:20Z,1,I guess if this song is capturing the inner monologue of someone playing social deduction with their partner and keeps getting lied to?  Vibe is too much of a downer for more than 1 point from me.,6e6d6d9948a742058f6e88981fecb08e
spotify:track:6DCALWbYX0BCOAGy0hMmRs,395e5c719c574cbd81ec148a0e6a28c6,2022-03-12T00:10:20Z,3,"Points because this bop (previously unknown to me) is my favorite song on the playlist, and because I could see this being played if people were playing social deduction in a saloon?",6e6d6d9948a742058f6e88981fecb08e
spotify:track:6UtpOAQMPOYVDHBhj0o0CF,395e5c719c574cbd81ec148a0e6a28c6,2022-03-12T00:10:20Z,3,Lyrics (not just the tile) are relevant to the theme in a delightful way.  Have some points.,6e6d6d9948a742058f6e88981fecb08e
spotify:track:6v1jIacWXqK1FeSEnadbIt,395e5c719c574cbd81ec148a0e6a28c6,2022-03-12T00:10:20Z,1,"Lyrics don't fit as well as they would need to for me to give this song more than 1 point, but I do like that the song at parts captures the ""I KNOW YOU'RE A DIRTY LIAR!!!"" vibes you feel as a member of Team Good in these types of games.",6e6d6d9948a742058f6e88981fecb08e
spotify:track:7jDzFuIove9R2ZjwAL3Cok,395e5c719c574cbd81ec148a0e6a28c6,2022-03-12T00:10:20Z,0,I'm not sure what you were going for here?  Not feeling social deduction vibes here.,6e6d6d9948a742058f6e88981fecb08e
spotify:track:0dco6ZSO8vnL2fHRi10XSY,b0415b544bb44324a6afca46625ea1a7,2022-03-15T13:51:42Z,2,Are we *sure* this song isn't *actually* about vampires?,10f5b4e065714997a2ad0d5d0604cb8f
spotify:track:2iUXsYOEPhVqEBwsqP70rE,b0415b544bb44324a6afca46625ea1a7,2022-03-15T13:51:42Z,1,"Not my style, but kudos on fitting the theme.",10f5b4e065714997a2ad0d5d0604cb8f
spotify:track:3IlYkyctlcTqXAZOA4ZPzz,b0415b544bb44324a6afca46625ea1a7,2022-03-15T13:51:42Z,1,"Not my style, but kudos on fitting the theme.",10f5b4e065714997a2ad0d5d0604cb8f
spotify:track:6JNJERZGJwDVgkmbohBw7u,b0415b544bb44324a6afca46625ea1a7,2022-03-15T13:51:42Z,4,Flippin' nailed it. Great pick!,10f5b4e065714997a2ad0d5d0604cb8f
spotify:track:6LtPIXlIzPOTF8vTecYjRe,b0415b544bb44324a6afca46625ea1a7,2022-03-15T13:51:42Z,2,This is a different spin on the song. Great job using the prompt to recontextualize a song.,10f5b4e065714997a2ad0d5d0604cb8f
spotify:track:3IlYkyctlcTqXAZOA4ZPzz,6ce162a9365146b1913d3e4c9736c280,2022-03-15T15:12:08Z,2,,10f5b4e065714997a2ad0d5d0604cb8f
spotify:track:40XXjm2pU6LGZkLq5VmkaQ,6ce162a9365146b1913d3e4c9736c280,2022-03-15T15:12:08Z,1,,10f5b4e065714997a2ad0d5d0604cb8f
spotify:track:6JNJERZGJwDVgkmbohBw7u,6ce162a9365146b1913d3e4c9736c280,2022-03-15T15:12:08Z,2,,10f5b4e065714997a2ad0d5d0604cb8f
spotify:track:6LtPIXlIzPOTF8vTecYjRe,6ce162a9365146b1913d3e4c9736c280,2022-03-15T15:12:08Z,2,,10f5b4e065714997a2ad0d5d0604cb8f
spotify:track:6V5BIJqkIstmcQfBm5vX10,6ce162a9365146b1913d3e4c9736c280,2022-03-15T15:12:08Z,3,,10f5b4e065714997a2ad0d5d0604cb8f
spotify:track:0dco6ZSO8vnL2fHRi10XSY,43c8053c706643709c37d432b5118001,2022-03-15T16:55:25Z,1,The piano is marvelous,10f5b4e065714997a2ad0d5d0604cb8f
spotify:track:28O4QR1TELuXdcnVw9Q6Kt,43c8053c706643709c37d432b5118001,2022-03-15T16:55:25Z,1,hahaha one point for an upbeat entry,10f5b4e065714997a2ad0d5d0604cb8f
spotify:track:291RmMazWAmDitFuD6NJCv,43c8053c706643709c37d432b5118001,2022-03-15T16:55:25Z,1,"That sun is brutal, bring back winter!",10f5b4e065714997a2ad0d5d0604cb8f
spotify:track:2iUXsYOEPhVqEBwsqP70rE,43c8053c706643709c37d432b5118001,2022-03-15T16:55:25Z,1,,10f5b4e065714997a2ad0d5d0604cb8f
spotify:track:3IlYkyctlcTqXAZOA4ZPzz,43c8053c706643709c37d432b5118001,2022-03-15T16:55:25Z,1,,10f5b4e065714997a2ad0d5d0604cb8f
spotify:track:6JNJERZGJwDVgkmbohBw7u,43c8053c706643709c37d432b5118001,2022-03-15T16:55:25Z,1,,10f5b4e065714997a2ad0d5d0604cb8f
spotify:track:6LtPIXlIzPOTF8vTecYjRe,43c8053c706643709c37d432b5118001,2022-03-15T16:55:25Z,4,AHH I LOVE THIS SONG,10f5b4e065714997a2ad0d5d0604cb8f
spotify:track:28O4QR1TELuXdcnVw9Q6Kt,36d943fd539042239fb5646d50d0a9ad,2022-03-15T23:48:43Z,0,Vampires haven't been this peppy since Vampire Diaries Season 7.  Pass.,10f5b4e065714997a2ad0d5d0604cb8f
spotify:track:291RmMazWAmDitFuD6NJCv,36d943fd539042239fb5646d50d0a9ad,2022-03-15T23:48:43Z,0,I like this song.  I think it's probably not about vampires but it could be.  It might get a point if the rest of the playlist hadn't been as good as it was.,10f5b4e065714997a2ad0d5d0604cb8f
spotify:track:2iUXsYOEPhVqEBwsqP70rE,36d943fd539042239fb5646d50d0a9ad,2022-03-15T23:48:43Z,1,Solid pick. Probably not about vampires but possible.,10f5b4e065714997a2ad0d5d0604cb8f
spotify:track:3HZP4wlFGbxHtErgM0IGCZ,36d943fd539042239fb5646d50d0a9ad,2022-03-15T23:48:43Z,1,I really don't like this band (I'll never forgive them for suing Napster) but it does rock pretty hard.,10f5b4e065714997a2ad0d5d0604cb8f
spotify:track:3IlYkyctlcTqXAZOA4ZPzz,36d943fd539042239fb5646d50d0a9ad,2022-03-15T23:48:43Z,2,I have mixed feelings about the Stacey's Mom meets Weezer vibes this gives off but great lyrics and good semi-creepy energy make it a very solid pick.,10f5b4e065714997a2ad0d5d0604cb8f
spotify:track:40XXjm2pU6LGZkLq5VmkaQ,36d943fd539042239fb5646d50d0a9ad,2022-03-15T23:48:43Z,0,I see what you're doing here but too upbeat and almost certainly not about vampires.,10f5b4e065714997a2ad0d5d0604cb8f
spotify:track:6JNJERZGJwDVgkmbohBw7u,36d943fd539042239fb5646d50d0a9ad,2022-03-15T23:48:43Z,3,"First blush I hated this song (cheeseball 80s shit) but then it grew on me and now I think it's amazing. Very great pick, lyrically perfect.",10f5b4e065714997a2ad0d5d0604cb8f
spotify:track:6kV5VZhLN5yVUXs1Qq40Lw,36d943fd539042239fb5646d50d0a9ad,2022-03-15T23:48:43Z,2,"I was far too nerdy to be goth in high school but I definitely still liked Smashing Pumpkins despite that.  Billy Corgan is effectively a vampire, so points.",10f5b4e065714997a2ad0d5d0604cb8f
spotify:track:6LtPIXlIzPOTF8vTecYjRe,36d943fd539042239fb5646d50d0a9ad,2022-03-15T23:48:43Z,0,"I danced a ton of West Coast Swing to this song back in the 2007-2010 era, so obviously I love it.  I don't think it's about vampires, even with blood in the title.",10f5b4e065714997a2ad0d5d0604cb8f
spotify:track:6rjtB7KSIiJ6v9vrACMlqF,36d943fd539042239fb5646d50d0a9ad,2022-03-15T23:48:43Z,1,"Love me some Lorde, who also might be a vampire.  Less likely to be about vampires, but ""there's a possibility."" (Twilight reference)",10f5b4e065714997a2ad0d5d0604cb8f
spotify:track:6V5BIJqkIstmcQfBm5vX10,36d943fd539042239fb5646d50d0a9ad,2022-03-15T23:48:43Z,0,Something about the production of this song makes me dislike it. Idk why.  Something in the sawtooth synths or something.  Possibly about vampires but others are stronger.,10f5b4e065714997a2ad0d5d0604cb8f
spotify:track:291RmMazWAmDitFuD6NJCv,b980e47a32c74ddb9f30e77e1959157a,2022-03-16T05:29:10Z,2,,10f5b4e065714997a2ad0d5d0604cb8f
spotify:track:2iUXsYOEPhVqEBwsqP70rE,b980e47a32c74ddb9f30e77e1959157a,2022-03-16T05:29:10Z,1,,10f5b4e065714997a2ad0d5d0604cb8f
spotify:track:40XXjm2pU6LGZkLq5VmkaQ,b980e47a32c74ddb9f30e77e1959157a,2022-03-16T05:29:10Z,3,,10f5b4e065714997a2ad0d5d0604cb8f
spotify:track:6JNJERZGJwDVgkmbohBw7u,b980e47a32c74ddb9f30e77e1959157a,2022-03-16T05:29:10Z,2,,10f5b4e065714997a2ad0d5d0604cb8f
spotify:track:6LtPIXlIzPOTF8vTecYjRe,b980e47a32c74ddb9f30e77e1959157a,2022-03-16T05:29:10Z,1,,10f5b4e065714997a2ad0d5d0604cb8f
spotify:track:6V5BIJqkIstmcQfBm5vX10,b980e47a32c74ddb9f30e77e1959157a,2022-03-16T05:29:10Z,1,,10f5b4e065714997a2ad0d5d0604cb8f
spotify:track:291RmMazWAmDitFuD6NJCv,b1d3b6bb237f476daab860bce327dbd6,2022-03-17T18:39:46Z,1,,10f5b4e065714997a2ad0d5d0604cb8f
spotify:track:3HZP4wlFGbxHtErgM0IGCZ,b1d3b6bb237f476daab860bce327dbd6,2022-03-17T18:39:46Z,4,This was seductive and smooth with excellent lyrics. Great pick!,10f5b4e065714997a2ad0d5d0604cb8f
spotify:track:3IlYkyctlcTqXAZOA4ZPzz,b1d3b6bb237f476daab860bce327dbd6,2022-03-17T18:39:46Z,2,,10f5b4e065714997a2ad0d5d0604cb8f
spotify:track:40XXjm2pU6LGZkLq5VmkaQ,b1d3b6bb237f476daab860bce327dbd6,2022-03-17T18:39:46Z,1,,10f5b4e065714997a2ad0d5d0604cb8f
spotify:track:6V5BIJqkIstmcQfBm5vX10,b1d3b6bb237f476daab860bce327dbd6,2022-03-17T18:39:46Z,2,,10f5b4e065714997a2ad0d5d0604cb8f
spotify:track:0dco6ZSO8vnL2fHRi10XSY,9e5c0f25c78544de921a2a52b9412022,2022-03-17T20:39:41Z,1,"Hard to place this in the 0-2 range. I don’t love the song itself, it is frankly a bit of a drag, but the lyrics are pretty on-point(so here’s one point).",10f5b4e065714997a2ad0d5d0604cb8f
spotify:track:28O4QR1TELuXdcnVw9Q6Kt,9e5c0f25c78544de921a2a52b9412022,2022-03-17T20:39:41Z,1,I’m incapable of holding back points from songs I once quite liked that technically work for a theme. This is the epitome of that scenario.,10f5b4e065714997a2ad0d5d0604cb8f
spotify:track:2iUXsYOEPhVqEBwsqP70rE,9e5c0f25c78544de921a2a52b9412022,2022-03-17T20:39:41Z,2,One of a few that felt excellent and a cut above.,10f5b4e065714997a2ad0d5d0604cb8f
spotify:track:3HZP4wlFGbxHtErgM0IGCZ,9e5c0f25c78544de921a2a52b9412022,2022-03-17T20:39:41Z,0,"Another entry where I see it and want to credit it with a nod, but I’m not tickled with amusement while thinking about vampires during this song.",10f5b4e065714997a2ad0d5d0604cb8f
spotify:track:6JNJERZGJwDVgkmbohBw7u,9e5c0f25c78544de921a2a52b9412022,2022-03-17T20:39:41Z,2,Sounds like a vampire singing about their life. Certainly feels like it fits the theme!,10f5b4e065714997a2ad0d5d0604cb8f
spotify:track:6kV5VZhLN5yVUXs1Qq40Lw,9e5c0f25c78544de921a2a52b9412022,2022-03-17T20:39:41Z,0,"I thought briefly about whether this song was literally about vampires. Unfortunately, it was only fleeting and I preferred entries where I could be amused the whole way through by the notion.",10f5b4e065714997a2ad0d5d0604cb8f
spotify:track:6LtPIXlIzPOTF8vTecYjRe,9e5c0f25c78544de921a2a52b9412022,2022-03-17T20:39:41Z,3,Fitting + good song bonus.,10f5b4e065714997a2ad0d5d0604cb8f
spotify:track:6V5BIJqkIstmcQfBm5vX10,9e5c0f25c78544de921a2a52b9412022,2022-03-17T20:39:41Z,1,"I’m with you here. It doesn’t hit it out of the park for me, but I liked it!",10f5b4e065714997a2ad0d5d0604cb8f
spotify:track:0dco6ZSO8vnL2fHRi10XSY,d21152e7d3cd4a69b0951abdfe3e1480,2022-03-18T16:02:01Z,5,"Of all the songs on the playlist, this is the one I actually googled because I was convinced it was about vampires.",10f5b4e065714997a2ad0d5d0604cb8f
spotify:track:291RmMazWAmDitFuD6NJCv,d21152e7d3cd4a69b0951abdfe3e1480,2022-03-18T16:02:01Z,1,"If your blood is dust, please see a doctor immediately.",10f5b4e065714997a2ad0d5d0604cb8f
spotify:track:3IlYkyctlcTqXAZOA4ZPzz,d21152e7d3cd4a69b0951abdfe3e1480,2022-03-18T16:02:01Z,2,,10f5b4e065714997a2ad0d5d0604cb8f
spotify:track:40XXjm2pU6LGZkLq5VmkaQ,d21152e7d3cd4a69b0951abdfe3e1480,2022-03-18T16:02:01Z,2,,10f5b4e065714997a2ad0d5d0604cb8f
spotify:track:0dco6ZSO8vnL2fHRi10XSY,e1a362ba4ee648dd9f6f5e72bba8144a,2022-03-18T20:14:52Z,3,Pretty dang on point with the lyrics AND vibe,10f5b4e065714997a2ad0d5d0604cb8f
spotify:track:28O4QR1TELuXdcnVw9Q6Kt,e1a362ba4ee648dd9f6f5e72bba8144a,2022-03-18T20:14:52Z,2,LOL you can’t keep a good vampire down,10f5b4e065714997a2ad0d5d0604cb8f
spotify:track:291RmMazWAmDitFuD6NJCv,e1a362ba4ee648dd9f6f5e72bba8144a,2022-03-18T20:14:52Z,1,"Is it about a dust vampire? Are the bullets silver? Who cares, clever addition!",10f5b4e065714997a2ad0d5d0604cb8f
spotify:track:6JNJERZGJwDVgkmbohBw7u,e1a362ba4ee648dd9f6f5e72bba8144a,2022-03-18T20:14:52Z,0,Love me an 80’s vampire vibe,10f5b4e065714997a2ad0d5d0604cb8f
spotify:track:6kV5VZhLN5yVUXs1Qq40Lw,e1a362ba4ee648dd9f6f5e72bba8144a,2022-03-18T20:14:52Z,0,Oh hey the Watchmen song,10f5b4e065714997a2ad0d5d0604cb8f
spotify:track:6LtPIXlIzPOTF8vTecYjRe,e1a362ba4ee648dd9f6f5e72bba8144a,2022-03-18T20:14:52Z,3,"ahahaha ahahaha yes, points!",10f5b4e065714997a2ad0d5d0604cb8f
spotify:track:6rjtB7KSIiJ6v9vrACMlqF,e1a362ba4ee648dd9f6f5e72bba8144a,2022-03-18T20:14:52Z,1,Do Vampires Dream of Clean Teeth?,10f5b4e065714997a2ad0d5d0604cb8f
spotify:track:0dco6ZSO8vnL2fHRi10XSY,395e5c719c574cbd81ec148a0e6a28c6,2022-03-18T21:38:48Z,0,Is this not a song about vampires?  Has good haunted house vibes,10f5b4e065714997a2ad0d5d0604cb8f
spotify:track:28O4QR1TELuXdcnVw9Q6Kt,395e5c719c574cbd81ec148a0e6a28c6,2022-03-18T21:38:48Z,0,I am confused by this entry?,10f5b4e065714997a2ad0d5d0604cb8f
spotify:track:291RmMazWAmDitFuD6NJCv,395e5c719c574cbd81ec148a0e6a28c6,2022-03-18T21:38:48Z,1,"More like ""Songs That Are Not About Vampire Hunters ..."" but sure, I'll allow it.",10f5b4e065714997a2ad0d5d0604cb8f
spotify:track:2iUXsYOEPhVqEBwsqP70rE,395e5c719c574cbd81ec148a0e6a28c6,2022-03-18T21:38:48Z,0,Divided because the lyrics are about vampires (if you pay a lot of attention) and the music does not remind me of vampires at all,10f5b4e065714997a2ad0d5d0604cb8f
spotify:track:3HZP4wlFGbxHtErgM0IGCZ,395e5c719c574cbd81ec148a0e6a28c6,2022-03-18T21:38:48Z,3,"Great pick!  Yes, the song about the good and evil in each of us, but the darkness, midnight, bleeding, and resurrection mentions make it especially applicable to the theme.  And music totally has monster vibes.  Love it.",10f5b4e065714997a2ad0d5d0604cb8f
spotify:track:3IlYkyctlcTqXAZOA4ZPzz,395e5c719c574cbd81ec148a0e6a28c6,2022-03-18T21:38:48Z,1,"The girlfriend definitely sounds like a vampire.  Fun song, had never heard before.",10f5b4e065714997a2ad0d5d0604cb8f
spotify:track:40XXjm2pU6LGZkLq5VmkaQ,395e5c719c574cbd81ec148a0e6a28c6,2022-03-18T21:38:48Z,0,"I do enjoy this song, yes, but I do not personally think the lyrics or melody applies very much to vampires",10f5b4e065714997a2ad0d5d0604cb8f
spotify:track:6kV5VZhLN5yVUXs1Qq40Lw,395e5c719c574cbd81ec148a0e6a28c6,2022-03-18T21:38:48Z,2,"I think the lyrics sound like they could come from a vampire king, yes.  And the music is fitting",10f5b4e065714997a2ad0d5d0604cb8f
spotify:track:6rjtB7KSIiJ6v9vrACMlqF,395e5c719c574cbd81ec148a0e6a28c6,2022-03-18T21:38:48Z,1,"An odd choice, but reading the lyrics, sure, why not.",10f5b4e065714997a2ad0d5d0604cb8f
spotify:track:6V5BIJqkIstmcQfBm5vX10,395e5c719c574cbd81ec148a0e6a28c6,2022-03-18T21:38:48Z,2,"That is a vampire singing, yes",10f5b4e065714997a2ad0d5d0604cb8f
spotify:track:0dco6ZSO8vnL2fHRi10XSY,a2fc223a9f144363a5263c63b718a7b9,2022-03-18T22:53:12Z,3,,10f5b4e065714997a2ad0d5d0604cb8f
spotify:track:2iUXsYOEPhVqEBwsqP70rE,a2fc223a9f144363a5263c63b718a7b9,2022-03-18T22:53:12Z,1,,10f5b4e065714997a2ad0d5d0604cb8f
spotify:track:3HZP4wlFGbxHtErgM0IGCZ,a2fc223a9f144363a5263c63b718a7b9,2022-03-18T22:53:12Z,2,,10f5b4e065714997a2ad0d5d0604cb8f
spotify:track:3IlYkyctlcTqXAZOA4ZPzz,a2fc223a9f144363a5263c63b718a7b9,2022-03-18T22:53:12Z,2,,10f5b4e065714997a2ad0d5d0604cb8f
spotify:track:6JNJERZGJwDVgkmbohBw7u,a2fc223a9f144363a5263c63b718a7b9,2022-03-18T22:53:12Z,2,,10f5b4e065714997a2ad0d5d0604cb8f
spotify:track:0dco6ZSO8vnL2fHRi10XSY,19eff85db4e848b5883f12fff6042b18,2022-03-18T23:11:12Z,1,,10f5b4e065714997a2ad0d5d0604cb8f
spotify:track:28O4QR1TELuXdcnVw9Q6Kt,19eff85db4e848b5883f12fff6042b18,2022-03-18T23:11:12Z,1,,10f5b4e065714997a2ad0d5d0604cb8f
spotify:track:291RmMazWAmDitFuD6NJCv,19eff85db4e848b5883f12fff6042b18,2022-03-18T23:11:12Z,2,,10f5b4e065714997a2ad0d5d0604cb8f
spotify:track:40XXjm2pU6LGZkLq5VmkaQ,19eff85db4e848b5883f12fff6042b18,2022-03-18T23:11:12Z,2,,10f5b4e065714997a2ad0d5d0604cb8f
spotify:track:6kV5VZhLN5yVUXs1Qq40Lw,19eff85db4e848b5883f12fff6042b18,2022-03-18T23:11:12Z,2,,10f5b4e065714997a2ad0d5d0604cb8f
spotify:track:6LtPIXlIzPOTF8vTecYjRe,19eff85db4e848b5883f12fff6042b18,2022-03-18T23:11:12Z,2,,10f5b4e065714997a2ad0d5d0604cb8f
spotify:track:0uukw2CgEIApv4IWAjXrBC,9e5c0f25c78544de921a2a52b9412022,2022-03-23T21:23:46Z,2,"good song-check, sufficiently theme fitting-check, extra credit for not being from the 80s or 90s-yep! ",ddd31d8081724e7dbe169266b6fe2336
spotify:track:1XfFeIofEM9hYDwt5OE7ae,9e5c0f25c78544de921a2a52b9412022,2022-03-23T21:23:46Z,0,valid for the theme but sounded just like noise.,ddd31d8081724e7dbe169266b6fe2336
spotify:track:4QySZtWymRGNgrwxZOODKF,9e5c0f25c78544de921a2a52b9412022,2022-03-23T21:23:46Z,1,,ddd31d8081724e7dbe169266b6fe2336
spotify:track:6QDbGdbJ57Mtkflsg42WV5,9e5c0f25c78544de921a2a52b9412022,2022-03-23T21:23:46Z,0,"Tough to score, because of the tension between a) Eddie Van Halen is a genius with a guitar, and b) I frankly loathe this particular song. Eruption would have scored several from me.",ddd31d8081724e7dbe169266b6fe2336
spotify:track:6qUEOWqOzu1rLPUPQ1ECpx,9e5c0f25c78544de921a2a52b9412022,2022-03-23T21:23:46Z,2,"excellent collaboration and song, and it is theme fitting",ddd31d8081724e7dbe169266b6fe2336
spotify:track:756CJtQRFSxEx9jV4P9hpA,9e5c0f25c78544de921a2a52b9412022,2022-03-23T21:23:46Z,2,"valid song with a good song bonus and a recency bonus for added difficulty, gj",ddd31d8081724e7dbe169266b6fe2336
spotify:track:7Im5F8fliiF16D2te5rYNv,9e5c0f25c78544de921a2a52b9412022,2022-03-23T21:23:46Z,0,"I honestly considered bohemian rhapsody again, but thought I needed Page, Slash, Clapton, Hendrix, etc to be triumphant among the older stuff. I like the song but don’t feel like it really fits.",ddd31d8081724e7dbe169266b6fe2336
spotify:track:7snQQk1zcKl8gZ92AnueZW,9e5c0f25c78544de921a2a52b9412022,2022-03-23T21:23:46Z,3,"delightful choice: good song - check, impressive air solo - check, legend in Slash? - check. November Rain would have also been great.",ddd31d8081724e7dbe169266b6fe2336
spotify:track:0RO9W1xJoUEpq5MEelddFb,36d943fd539042239fb5646d50d0a9ad,2022-03-23T22:24:42Z,1,"This was my first submission but swapped it out for The Darkness because I honestly feel like they have more epic air guitar solos in 3 minutes than this does in 8.  Still, solid.",ddd31d8081724e7dbe169266b6fe2336
spotify:track:0uukw2CgEIApv4IWAjXrBC,36d943fd539042239fb5646d50d0a9ad,2022-03-23T22:24:42Z,0,Just not my jam,ddd31d8081724e7dbe169266b6fe2336
spotify:track:1dyTcli07c77mtQK3ahUZR,36d943fd539042239fb5646d50d0a9ad,2022-03-23T22:24:42Z,2,Guitar solo at the end is iconic Radiohead,ddd31d8081724e7dbe169266b6fe2336
spotify:track:1XfFeIofEM9hYDwt5OE7ae,36d943fd539042239fb5646d50d0a9ad,2022-03-23T22:24:42Z,0,"Idk, too short",ddd31d8081724e7dbe169266b6fe2336
spotify:track:4alHo6RGd0D3OUbTPExTHN,36d943fd539042239fb5646d50d0a9ad,2022-03-23T22:24:42Z,0,Cheeseball 80s but not bad...but not as good as some of the other choices.,ddd31d8081724e7dbe169266b6fe2336
spotify:track:4QySZtWymRGNgrwxZOODKF,36d943fd539042239fb5646d50d0a9ad,2022-03-23T22:24:42Z,2,"Digging the dueling guitars here, extra point",ddd31d8081724e7dbe169266b6fe2336
spotify:track:6QDbGdbJ57Mtkflsg42WV5,36d943fd539042239fb5646d50d0a9ad,2022-03-23T22:24:42Z,1,"+1 point for ""most difficult air guitar solo""",ddd31d8081724e7dbe169266b6fe2336
spotify:track:6qUEOWqOzu1rLPUPQ1ECpx,36d943fd539042239fb5646d50d0a9ad,2022-03-23T22:24:42Z,1,"Most 80s ""rock rap"" collabs don't work but for some reason this one does.  The issue here is the guitar solo is jamming over a single chord, giving it a noodly, going nowhere feel.  I like my air guitar solos to have an arc to them!",ddd31d8081724e7dbe169266b6fe2336
spotify:track:7Im5F8fliiF16D2te5rYNv,36d943fd539042239fb5646d50d0a9ad,2022-03-23T22:24:42Z,0,I like this one just fine but not as much as some of the others.,ddd31d8081724e7dbe169266b6fe2336
spotify:track:7snQQk1zcKl8gZ92AnueZW,36d943fd539042239fb5646d50d0a9ad,2022-03-23T22:24:42Z,3,Considered this myself...definitely epic air guitar solos here.,ddd31d8081724e7dbe169266b6fe2336
spotify:track:0RO9W1xJoUEpq5MEelddFb,b0415b544bb44324a6afca46625ea1a7,2022-03-24T17:01:43Z,1,Obvious pick is obvious? The first song my brother learned all the way through on his guitar.,ddd31d8081724e7dbe169266b6fe2336
spotify:track:0uukw2CgEIApv4IWAjXrBC,b0415b544bb44324a6afca46625ea1a7,2022-03-24T17:01:43Z,2,I was glad for a song on the list I hadn't heard before. Points!,ddd31d8081724e7dbe169266b6fe2336
spotify:track:4alHo6RGd0D3OUbTPExTHN,b0415b544bb44324a6afca46625ea1a7,2022-03-24T17:01:43Z,1,"Don't think of this for the solo first, but it's a pretty good one.",ddd31d8081724e7dbe169266b6fe2336
spotify:track:4QySZtWymRGNgrwxZOODKF,b0415b544bb44324a6afca46625ea1a7,2022-03-24T17:01:43Z,1,,ddd31d8081724e7dbe169266b6fe2336
spotify:track:6qUEOWqOzu1rLPUPQ1ECpx,b0415b544bb44324a6afca46625ea1a7,2022-03-24T17:01:43Z,1,Good lick?,ddd31d8081724e7dbe169266b6fe2336
spotify:track:756CJtQRFSxEx9jV4P9hpA,b0415b544bb44324a6afca46625ea1a7,2022-03-24T17:01:43Z,3,This was hot when I was in college. Bonus points for the singer yelling 'GUITAR' before the solo.,ddd31d8081724e7dbe169266b6fe2336
spotify:track:7snQQk1zcKl8gZ92AnueZW,b0415b544bb44324a6afca46625ea1a7,2022-03-24T17:01:43Z,1,"Hate this song. Hate Guns N' Roses. Although, good guitar on this one.",ddd31d8081724e7dbe169266b6fe2336
spotify:track:0RO9W1xJoUEpq5MEelddFb,43c8053c706643709c37d432b5118001,2022-03-24T18:47:02Z,1,Nice choice,ddd31d8081724e7dbe169266b6fe2336
spotify:track:0uukw2CgEIApv4IWAjXrBC,43c8053c706643709c37d432b5118001,2022-03-24T18:47:02Z,1,,ddd31d8081724e7dbe169266b6fe2336
spotify:track:1XfFeIofEM9hYDwt5OE7ae,43c8053c706643709c37d432b5118001,2022-03-24T18:47:02Z,0,It was so short I thought it was a Spotify advert!,ddd31d8081724e7dbe169266b6fe2336
spotify:track:4alHo6RGd0D3OUbTPExTHN,43c8053c706643709c37d432b5118001,2022-03-24T18:47:02Z,1,,ddd31d8081724e7dbe169266b6fe2336
spotify:track:6QDbGdbJ57Mtkflsg42WV5,43c8053c706643709c37d432b5118001,2022-03-24T18:47:02Z,1,,ddd31d8081724e7dbe169266b6fe2336
spotify:track:6qUEOWqOzu1rLPUPQ1ECpx,43c8053c706643709c37d432b5118001,2022-03-24T18:47:02Z,2,Steven Tyler’s mouth gave me nightmares when I was young,ddd31d8081724e7dbe169266b6fe2336
spotify:track:756CJtQRFSxEx9jV4P9hpA,43c8053c706643709c37d432b5118001,2022-03-24T18:47:02Z,2,Ahhh the falsetto!!!!,ddd31d8081724e7dbe169266b6fe2336
spotify:track:7Im5F8fliiF16D2te5rYNv,43c8053c706643709c37d432b5118001,2022-03-24T18:47:02Z,1,,ddd31d8081724e7dbe169266b6fe2336
spotify:track:7snQQk1zcKl8gZ92AnueZW,43c8053c706643709c37d432b5118001,2022-03-24T18:47:02Z,1,,ddd31d8081724e7dbe169266b6fe2336
spotify:track:0RO9W1xJoUEpq5MEelddFb,6ce162a9365146b1913d3e4c9736c280,2022-03-25T10:12:53Z,1,,ddd31d8081724e7dbe169266b6fe2336
spotify:track:4QySZtWymRGNgrwxZOODKF,6ce162a9365146b1913d3e4c9736c280,2022-03-25T10:12:53Z,3,,ddd31d8081724e7dbe169266b6fe2336
spotify:track:6QDbGdbJ57Mtkflsg42WV5,6ce162a9365146b1913d3e4c9736c280,2022-03-25T10:12:53Z,4,,ddd31d8081724e7dbe169266b6fe2336
spotify:track:756CJtQRFSxEx9jV4P9hpA,6ce162a9365146b1913d3e4c9736c280,2022-03-25T10:12:53Z,1,,ddd31d8081724e7dbe169266b6fe2336
spotify:track:7snQQk1zcKl8gZ92AnueZW,6ce162a9365146b1913d3e4c9736c280,2022-03-25T10:12:53Z,1,,ddd31d8081724e7dbe169266b6fe2336
spotify:track:0RO9W1xJoUEpq5MEelddFb,d21152e7d3cd4a69b0951abdfe3e1480,2022-03-25T11:55:00Z,0,"So much of this song is quiet guitar picking, which I don't think makes a good air guitar performance",ddd31d8081724e7dbe169266b6fe2336
spotify:track:0uukw2CgEIApv4IWAjXrBC,d21152e7d3cd4a69b0951abdfe3e1480,2022-03-25T11:55:00Z,2,,ddd31d8081724e7dbe169266b6fe2336
spotify:track:4QySZtWymRGNgrwxZOODKF,d21152e7d3cd4a69b0951abdfe3e1480,2022-03-25T11:55:00Z,2,"So much Dad Rock energy, and I am not angry with it.",ddd31d8081724e7dbe169266b6fe2336
spotify:track:6QDbGdbJ57Mtkflsg42WV5,d21152e7d3cd4a69b0951abdfe3e1480,2022-03-25T11:55:00Z,3,"Absolutely perfect air guitar opening, and the sudden changes in energy would make for an exciting performance",ddd31d8081724e7dbe169266b6fe2336
spotify:track:6qUEOWqOzu1rLPUPQ1ECpx,d21152e7d3cd4a69b0951abdfe3e1480,2022-03-25T11:55:00Z,0,"This song is about walking, not playing guitar",ddd31d8081724e7dbe169266b6fe2336
spotify:track:756CJtQRFSxEx9jV4P9hpA,d21152e7d3cd4a69b0951abdfe3e1480,2022-03-25T11:55:00Z,3,"Everything by The Darkness is ridiculous, and absolutely on theme",ddd31d8081724e7dbe169266b6fe2336
spotify:track:7snQQk1zcKl8gZ92AnueZW,d21152e7d3cd4a69b0951abdfe3e1480,2022-03-25T11:55:00Z,0,MINUS 1 MILLION POINTS FOR REIGNITING PAST TRAUMA,ddd31d8081724e7dbe169266b6fe2336
spotify:track:0RO9W1xJoUEpq5MEelddFb,19eff85db4e848b5883f12fff6042b18,2022-03-25T13:06:22Z,1,,ddd31d8081724e7dbe169266b6fe2336
spotify:track:0uukw2CgEIApv4IWAjXrBC,19eff85db4e848b5883f12fff6042b18,2022-03-25T13:06:22Z,2,,ddd31d8081724e7dbe169266b6fe2336
spotify:track:6QDbGdbJ57Mtkflsg42WV5,19eff85db4e848b5883f12fff6042b18,2022-03-25T13:06:22Z,1,,ddd31d8081724e7dbe169266b6fe2336
spotify:track:6qUEOWqOzu1rLPUPQ1ECpx,19eff85db4e848b5883f12fff6042b18,2022-03-25T13:06:22Z,2,,ddd31d8081724e7dbe169266b6fe2336
spotify:track:756CJtQRFSxEx9jV4P9hpA,19eff85db4e848b5883f12fff6042b18,2022-03-25T13:06:22Z,1,,ddd31d8081724e7dbe169266b6fe2336
spotify:track:7snQQk1zcKl8gZ92AnueZW,19eff85db4e848b5883f12fff6042b18,2022-03-25T13:06:22Z,3,,ddd31d8081724e7dbe169266b6fe2336
spotify:track:0RO9W1xJoUEpq5MEelddFb,e1a362ba4ee648dd9f6f5e72bba8144a,2022-03-25T16:12:53Z,3,Can't go wrong with a classic! ,ddd31d8081724e7dbe169266b6fe2336
spotify:track:4alHo6RGd0D3OUbTPExTHN,e1a362ba4ee648dd9f6f5e72bba8144a,2022-03-25T16:12:53Z,2,,ddd31d8081724e7dbe169266b6fe2336
spotify:track:4QySZtWymRGNgrwxZOODKF,e1a362ba4ee648dd9f6f5e72bba8144a,2022-03-25T16:12:53Z,2,*promptly looks back*,ddd31d8081724e7dbe169266b6fe2336
spotify:track:756CJtQRFSxEx9jV4P9hpA,e1a362ba4ee648dd9f6f5e72bba8144a,2022-03-25T16:12:53Z,3,,ddd31d8081724e7dbe169266b6fe2336
spotify:track:0RO9W1xJoUEpq5MEelddFb,395e5c719c574cbd81ec148a0e6a28c6,2022-03-25T19:07:32Z,0,"The song takes you on a journey, but I don't feel like the guitar solo plays a significant role in transporting me.  My Mom dated a DJ in college and he played this song when he needed to go to the bathroom.",ddd31d8081724e7dbe169266b6fe2336
spotify:track:0uukw2CgEIApv4IWAjXrBC,395e5c719c574cbd81ec148a0e6a28c6,2022-03-25T19:07:32Z,4,"This is a fun song, and the guitar solo is flashy.  I can imagine Stephen Colbert mashing together fun and dramatic.  Have some points.",ddd31d8081724e7dbe169266b6fe2336
spotify:track:1dyTcli07c77mtQK3ahUZR,395e5c719c574cbd81ec148a0e6a28c6,2022-03-25T19:07:32Z,0,The first guitar solo was so mild that I had to rewind and force myself to pay attention.  The second one sounded more like noise than music.  I don't feel like Stephen Colbert could rock out on this one.,ddd31d8081724e7dbe169266b6fe2336
spotify:track:1XfFeIofEM9hYDwt5OE7ae,395e5c719c574cbd81ec148a0e6a28c6,2022-03-25T19:07:32Z,0,"I do love me some Space Ghost.  So thank you for the inclusion.  That being said, I feel the air guitar performance would be too mild to really energize the crowd.",ddd31d8081724e7dbe169266b6fe2336
spotify:track:4alHo6RGd0D3OUbTPExTHN,395e5c719c574cbd81ec148a0e6a28c6,2022-03-25T19:07:32Z,1,"I have always loved this song very much.  The guitar solo is fun.  1 point from me, but I have always felt like the true star of this song is the drums, so just 1 point.",ddd31d8081724e7dbe169266b6fe2336
spotify:track:6qUEOWqOzu1rLPUPQ1ECpx,395e5c719c574cbd81ec148a0e6a28c6,2022-03-25T19:07:32Z,1,I could see it being fun if done well.,ddd31d8081724e7dbe169266b6fe2336
spotify:track:756CJtQRFSxEx9jV4P9hpA,395e5c719c574cbd81ec148a0e6a28c6,2022-03-25T19:07:32Z,2,I didn't like the song much but I felt this guitar's solo tell a story and I think it could impress a crowd.,ddd31d8081724e7dbe169266b6fe2336
spotify:track:7Im5F8fliiF16D2te5rYNv,395e5c719c574cbd81ec148a0e6a28c6,2022-03-25T19:07:32Z,1,Guitar is not featured enough for me to give it more than 1 point,ddd31d8081724e7dbe169266b6fe2336
spotify:track:7snQQk1zcKl8gZ92AnueZW,395e5c719c574cbd81ec148a0e6a28c6,2022-03-25T19:07:32Z,1,"It's a very fun guitar solo, possibly one of the best ever.  I'm running into the same problem that I had in the karaoke round, in that this is an obvious choice.  1 point.",ddd31d8081724e7dbe169266b6fe2336
spotify:track:0RO9W1xJoUEpq5MEelddFb,b1d3b6bb237f476daab860bce327dbd6,2022-03-25T21:37:35Z,1,,ddd31d8081724e7dbe169266b6fe2336
spotify:track:0uukw2CgEIApv4IWAjXrBC,b1d3b6bb237f476daab860bce327dbd6,2022-03-25T21:37:35Z,2,,ddd31d8081724e7dbe169266b6fe2336
spotify:track:4alHo6RGd0D3OUbTPExTHN,b1d3b6bb237f476daab860bce327dbd6,2022-03-25T21:37:35Z,3,,ddd31d8081724e7dbe169266b6fe2336
spotify:track:4QySZtWymRGNgrwxZOODKF,b1d3b6bb237f476daab860bce327dbd6,2022-03-25T21:37:35Z,3,,ddd31d8081724e7dbe169266b6fe2336
spotify:track:6QDbGdbJ57Mtkflsg42WV5,b1d3b6bb237f476daab860bce327dbd6,2022-03-25T21:37:35Z,1,,ddd31d8081724e7dbe169266b6fe2336
spotify:track:0uukw2CgEIApv4IWAjXrBC,a2fc223a9f144363a5263c63b718a7b9,2022-03-25T22:50:00Z,1,,ddd31d8081724e7dbe169266b6fe2336
spotify:track:4alHo6RGd0D3OUbTPExTHN,a2fc223a9f144363a5263c63b718a7b9,2022-03-25T22:50:00Z,3,,ddd31d8081724e7dbe169266b6fe2336
spotify:track:4QySZtWymRGNgrwxZOODKF,a2fc223a9f144363a5263c63b718a7b9,2022-03-25T22:50:00Z,2,,ddd31d8081724e7dbe169266b6fe2336
spotify:track:6qUEOWqOzu1rLPUPQ1ECpx,a2fc223a9f144363a5263c63b718a7b9,2022-03-25T22:50:00Z,1,,ddd31d8081724e7dbe169266b6fe2336
spotify:track:756CJtQRFSxEx9jV4P9hpA,a2fc223a9f144363a5263c63b718a7b9,2022-03-25T22:50:00Z,0,"I really like this song, but it’s not my favorite with regards to guitar solos. ",ddd31d8081724e7dbe169266b6fe2336
spotify:track:7snQQk1zcKl8gZ92AnueZW,a2fc223a9f144363a5263c63b718a7b9,2022-03-25T22:50:00Z,3,I considered this one also. ,ddd31d8081724e7dbe169266b6fe2336
spotify:track:0DoACS30GwIY6qaFjCMMUz,b0415b544bb44324a6afca46625ea1a7,2022-03-30T12:50:45Z,1,An 8 minute song that *is* boring? Bold... Have a point.,e5797c612fc34ff69f3424171717d0eb
spotify:track:0sNKiz82ATCvT3f3XVVUUj,b0415b544bb44324a6afca46625ea1a7,2022-03-30T12:50:45Z,0,"This came out when I was in high school. Sorry, not associated with boredom.",e5797c612fc34ff69f3424171717d0eb
spotify:track:2crW6vfai2yE3ZD5RRxxuE,b0415b544bb44324a6afca46625ea1a7,2022-03-30T12:50:45Z,2,I'm not a Broadway fan... but this song definitely evoked boredom.,e5797c612fc34ff69f3424171717d0eb
spotify:track:388a1WyLILUXFJOru3RcWH,b0415b544bb44324a6afca46625ea1a7,2022-03-30T12:50:45Z,1,"Ugh. Hated this song, but it was on theme.",e5797c612fc34ff69f3424171717d0eb
spotify:track:3JOVTQ5h8HGFnDdp4VT3MP,b0415b544bb44324a6afca46625ea1a7,2022-03-30T12:50:45Z,0,This is the song for the ad campaign for Gears of War... which is forever my association. Cover-based co-op shooter? I'm not bored. Sorry!,e5797c612fc34ff69f3424171717d0eb
spotify:track:3rqXh9yVOCPHGUjaW2a200,b0415b544bb44324a6afca46625ea1a7,2022-03-30T12:50:45Z,2,Wow. From Offspring to Oldspring. Time sounds like it's ground these guys down. Points!,e5797c612fc34ff69f3424171717d0eb
spotify:track:4fXGWiVhlOLdhwRDP6pIFG,b0415b544bb44324a6afca46625ea1a7,2022-03-30T12:50:45Z,4,I think you nailed it with this song.,e5797c612fc34ff69f3424171717d0eb
spotify:track:5HNCy40Ni5BZJFw1TKzRsC,b0415b544bb44324a6afca46625ea1a7,2022-03-30T12:50:45Z,0,Mainly listened to this album whilst I was high. Decidedly not bored at those times. Sorry!,e5797c612fc34ff69f3424171717d0eb
spotify:track:0DoACS30GwIY6qaFjCMMUz,395e5c719c574cbd81ec148a0e6a28c6,2022-03-30T20:20:39Z,0,"I realize there are many ways to intpret boredom; I'm guessing this song was submitted because the submitter thinks the song is boring?  I view it as a song about loss and missing someone, rather than boredom.",e5797c612fc34ff69f3424171717d0eb
spotify:track:0lVdukU9ejbFQwZIhg47hx,395e5c719c574cbd81ec148a0e6a28c6,2022-03-30T20:20:39Z,1,So bored that you wish that your town would be annihiliated in nuclear Armageddon is certainly bored.,e5797c612fc34ff69f3424171717d0eb
spotify:track:0Qv7xi6uPSqH2k82tOkGSt,395e5c719c574cbd81ec148a0e6a28c6,2022-03-30T20:20:39Z,1,"I straight up never liked this song.  But it fits the theme, so fine, have a point.  (I'm mad)",e5797c612fc34ff69f3424171717d0eb
spotify:track:0sNKiz82ATCvT3f3XVVUUj,395e5c719c574cbd81ec148a0e6a28c6,2022-03-30T20:20:39Z,0,"I think the lyrics about doing nothing are resentful and sarcastic, and not actually about boredom",e5797c612fc34ff69f3424171717d0eb
spotify:track:2bXpRsQGJIlHJrRhtlWIPj,395e5c719c574cbd81ec148a0e6a28c6,2022-03-30T20:20:39Z,0,The harmonies and repetitive guitar chords drove me bonkers,e5797c612fc34ff69f3424171717d0eb
spotify:track:2crW6vfai2yE3ZD5RRxxuE,395e5c719c574cbd81ec148a0e6a28c6,2022-03-30T20:20:39Z,4,"I have always liked this song.  I agree that it conveys boredom really well, and at the end when George is like ""Don't move the mouth"" I totally want to smack him.",e5797c612fc34ff69f3424171717d0eb
spotify:track:388a1WyLILUXFJOru3RcWH,395e5c719c574cbd81ec148a0e6a28c6,2022-03-30T20:20:39Z,1,"An obvious pick, but it was amusingAn obvious pick, but it was amusing",e5797c612fc34ff69f3424171717d0eb
spotify:track:3JOVTQ5h8HGFnDdp4VT3MP,395e5c719c574cbd81ec148a0e6a28c6,2022-03-30T20:20:39Z,1,"I straight up never liked this song.  But it fits the theme, so fine, have a point.  (I'm mad)",e5797c612fc34ff69f3424171717d0eb
spotify:track:3rqXh9yVOCPHGUjaW2a200,395e5c719c574cbd81ec148a0e6a28c6,2022-03-30T20:20:39Z,1,Music-wise this was my favorite song on the list.  Not completely convinced it fits the theme though.,e5797c612fc34ff69f3424171717d0eb
spotify:track:52XZaRqI8489fZAdQwsRok,395e5c719c574cbd81ec148a0e6a28c6,2022-03-30T20:20:39Z,0,"Clearly an entry in the ""Songs that are boring"" category.  I despise you for messing up my Spotify algorithm (J/K it already sucked)",e5797c612fc34ff69f3424171717d0eb
spotify:track:5HNCy40Ni5BZJFw1TKzRsC,395e5c719c574cbd81ec148a0e6a28c6,2022-03-30T20:20:39Z,1,"I thought this song was about a drug-induced stupor prescribed to deal with depression and paranoia, and the resulting feelings were a combination of euphoria, confusion, and nothingness.  So okay, I guess it could extend to boredom. Have a point.",e5797c612fc34ff69f3424171717d0eb
spotify:track:0DoACS30GwIY6qaFjCMMUz,36d943fd539042239fb5646d50d0a9ad,2022-03-30T20:35:06Z,1,"So I do love me some Death Cab but this isn't isn't about being bored, it's about longing for a person you can't have (or who doesn't want you back).  Beautiful song though.",e5797c612fc34ff69f3424171717d0eb
spotify:track:0Qv7xi6uPSqH2k82tOkGSt,36d943fd539042239fb5646d50d0a9ad,2022-03-30T20:35:06Z,1,"I can see how one would interpret this as about boredom but the emotions are much stronger than that: depression, malaise, disenfranchisement. ",e5797c612fc34ff69f3424171717d0eb
spotify:track:0sNKiz82ATCvT3f3XVVUUj,36d943fd539042239fb5646d50d0a9ad,2022-03-30T20:35:06Z,0,"""Girlfriends amirite???"" Pass.",e5797c612fc34ff69f3424171717d0eb
spotify:track:2bXpRsQGJIlHJrRhtlWIPj,36d943fd539042239fb5646d50d0a9ad,2022-03-30T20:35:06Z,2,"I don't know The Staves and this song but oh my god I love it.  I'm not 100% sure it's about boredom, but it's gorge and it gets close than a lot of these other songs, so points!",e5797c612fc34ff69f3424171717d0eb
spotify:track:2crW6vfai2yE3ZD5RRxxuE,36d943fd539042239fb5646d50d0a9ad,2022-03-30T20:35:06Z,3,"I don't think this song about boredom as much as it is as about exasperation and impatience, but I can see what the OP was going for.  Sondheim is literal GOAT so gotta give points.",e5797c612fc34ff69f3424171717d0eb
spotify:track:388a1WyLILUXFJOru3RcWH,36d943fd539042239fb5646d50d0a9ad,2022-03-30T20:35:06Z,0,"Nah. But if you ever wondered what Sgt. Peppers-era Beatles meets Mariachi music would be like, look no further.  I do dig a good tuba line though.",e5797c612fc34ff69f3424171717d0eb
spotify:track:3JOVTQ5h8HGFnDdp4VT3MP,36d943fd539042239fb5646d50d0a9ad,2022-03-30T20:35:06Z,2,"Apparently by the time this cover made the original song more popular than ever, the songwriter ""could no longer relate to the 'teenage menopause' which inspired him to write this and other of the band’s songs.""  This version is better.",e5797c612fc34ff69f3424171717d0eb
spotify:track:3rqXh9yVOCPHGUjaW2a200,36d943fd539042239fb5646d50d0a9ad,2022-03-30T20:35:06Z,0,"Well this song is 10000000% better than the other Offspring song but...it's still an Offspring song.  ""Girlfriends amirite??""",e5797c612fc34ff69f3424171717d0eb
spotify:track:52XZaRqI8489fZAdQwsRok,36d943fd539042239fb5646d50d0a9ad,2022-03-30T20:35:06Z,0,wtf is happening...,e5797c612fc34ff69f3424171717d0eb
spotify:track:5HNCy40Ni5BZJFw1TKzRsC,36d943fd539042239fb5646d50d0a9ad,2022-03-30T20:35:06Z,1,Solid pick.,e5797c612fc34ff69f3424171717d0eb
spotify:track:2bXpRsQGJIlHJrRhtlWIPj,6ce162a9365146b1913d3e4c9736c280,2022-03-31T12:35:45Z,2,,e5797c612fc34ff69f3424171717d0eb
spotify:track:388a1WyLILUXFJOru3RcWH,6ce162a9365146b1913d3e4c9736c280,2022-03-31T12:35:45Z,1,,e5797c612fc34ff69f3424171717d0eb
spotify:track:3JOVTQ5h8HGFnDdp4VT3MP,6ce162a9365146b1913d3e4c9736c280,2022-03-31T12:35:45Z,1,,e5797c612fc34ff69f3424171717d0eb
spotify:track:4fXGWiVhlOLdhwRDP6pIFG,6ce162a9365146b1913d3e4c9736c280,2022-03-31T12:35:45Z,4,,e5797c612fc34ff69f3424171717d0eb
spotify:track:5HNCy40Ni5BZJFw1TKzRsC,6ce162a9365146b1913d3e4c9736c280,2022-03-31T12:35:45Z,2,,e5797c612fc34ff69f3424171717d0eb
spotify:track:2bXpRsQGJIlHJrRhtlWIPj,b980e47a32c74ddb9f30e77e1959157a,2022-04-01T16:21:08Z,2,,e5797c612fc34ff69f3424171717d0eb
spotify:track:388a1WyLILUXFJOru3RcWH,b980e47a32c74ddb9f30e77e1959157a,2022-04-01T16:21:08Z,1,,e5797c612fc34ff69f3424171717d0eb
spotify:track:3JOVTQ5h8HGFnDdp4VT3MP,b980e47a32c74ddb9f30e77e1959157a,2022-04-01T16:21:08Z,2,,e5797c612fc34ff69f3424171717d0eb
spotify:track:4fXGWiVhlOLdhwRDP6pIFG,b980e47a32c74ddb9f30e77e1959157a,2022-04-01T16:21:08Z,2,,e5797c612fc34ff69f3424171717d0eb
spotify:track:52XZaRqI8489fZAdQwsRok,b980e47a32c74ddb9f30e77e1959157a,2022-04-01T16:21:08Z,1,,e5797c612fc34ff69f3424171717d0eb
spotify:track:5HNCy40Ni5BZJFw1TKzRsC,b980e47a32c74ddb9f30e77e1959157a,2022-04-01T16:21:08Z,2,,e5797c612fc34ff69f3424171717d0eb
spotify:track:0DoACS30GwIY6qaFjCMMUz,b1d3b6bb237f476daab860bce327dbd6,2022-04-01T16:22:53Z,2,I do freaking love this song. Great pick!,e5797c612fc34ff69f3424171717d0eb
spotify:track:0Qv7xi6uPSqH2k82tOkGSt,b1d3b6bb237f476daab860bce327dbd6,2022-04-01T16:22:53Z,0,Super annoyed that it let this duplicate through. :/ I'm pretty sure I submitted first since I was the second person in. I also checked several different versions before submitting.,e5797c612fc34ff69f3424171717d0eb
spotify:track:2bXpRsQGJIlHJrRhtlWIPj,b1d3b6bb237f476daab860bce327dbd6,2022-04-01T16:22:53Z,2,"Nice! I've never heard this before, but it really jived with me.",e5797c612fc34ff69f3424171717d0eb
spotify:track:3rqXh9yVOCPHGUjaW2a200,b1d3b6bb237f476daab860bce327dbd6,2022-04-01T16:22:53Z,2,"Great choice! Love this song, and it fits the vibes.",e5797c612fc34ff69f3424171717d0eb
spotify:track:4fXGWiVhlOLdhwRDP6pIFG,b1d3b6bb237f476daab860bce327dbd6,2022-04-01T16:22:53Z,3,Another new one that's excellent! This is probably my favorite discovery from this playlist.,e5797c612fc34ff69f3424171717d0eb
spotify:track:52XZaRqI8489fZAdQwsRok,b1d3b6bb237f476daab860bce327dbd6,2022-04-01T16:22:53Z,0,The song itself was too boring for me. :P,e5797c612fc34ff69f3424171717d0eb
spotify:track:5HNCy40Ni5BZJFw1TKzRsC,b1d3b6bb237f476daab860bce327dbd6,2022-04-01T16:22:53Z,1,Always a good listen! Good fit to the theme.,e5797c612fc34ff69f3424171717d0eb
spotify:track:0lVdukU9ejbFQwZIhg47hx,9e5c0f25c78544de921a2a52b9412022,2022-04-01T21:19:40Z,1,,e5797c612fc34ff69f3424171717d0eb
spotify:track:0Qv7xi6uPSqH2k82tOkGSt,9e5c0f25c78544de921a2a52b9412022,2022-04-01T21:19:40Z,1,,e5797c612fc34ff69f3424171717d0eb
spotify:track:0sNKiz82ATCvT3f3XVVUUj,9e5c0f25c78544de921a2a52b9412022,2022-04-01T21:19:40Z,1,,e5797c612fc34ff69f3424171717d0eb
spotify:track:2bXpRsQGJIlHJrRhtlWIPj,9e5c0f25c78544de921a2a52b9412022,2022-04-01T21:19:40Z,1,,e5797c612fc34ff69f3424171717d0eb
spotify:track:388a1WyLILUXFJOru3RcWH,9e5c0f25c78544de921a2a52b9412022,2022-04-01T21:19:40Z,2,,e5797c612fc34ff69f3424171717d0eb
spotify:track:3JOVTQ5h8HGFnDdp4VT3MP,9e5c0f25c78544de921a2a52b9412022,2022-04-01T21:19:40Z,2,,e5797c612fc34ff69f3424171717d0eb
spotify:track:4fXGWiVhlOLdhwRDP6pIFG,9e5c0f25c78544de921a2a52b9412022,2022-04-01T21:19:40Z,1,,e5797c612fc34ff69f3424171717d0eb
spotify:track:5HNCy40Ni5BZJFw1TKzRsC,9e5c0f25c78544de921a2a52b9412022,2022-04-01T21:19:40Z,1,,e5797c612fc34ff69f3424171717d0eb
spotify:track:0lVdukU9ejbFQwZIhg47hx,d21152e7d3cd4a69b0951abdfe3e1480,2022-04-01T21:48:53Z,2,,e5797c612fc34ff69f3424171717d0eb
spotify:track:0Qv7xi6uPSqH2k82tOkGSt,d21152e7d3cd4a69b0951abdfe3e1480,2022-04-01T21:48:53Z,3,,e5797c612fc34ff69f3424171717d0eb
spotify:track:0sNKiz82ATCvT3f3XVVUUj,d21152e7d3cd4a69b0951abdfe3e1480,2022-04-01T21:48:53Z,2,"Being told ""Why don't you get a job"" is very boring, I agree",e5797c612fc34ff69f3424171717d0eb
spotify:track:3JOVTQ5h8HGFnDdp4VT3MP,d21152e7d3cd4a69b0951abdfe3e1480,2022-04-01T21:48:53Z,3,,e5797c612fc34ff69f3424171717d0eb
spotify:track:3rqXh9yVOCPHGUjaW2a200,d21152e7d3cd4a69b0951abdfe3e1480,2022-04-01T21:48:53Z,0,This is sad 😥 ,e5797c612fc34ff69f3424171717d0eb
spotify:track:52XZaRqI8489fZAdQwsRok,d21152e7d3cd4a69b0951abdfe3e1480,2022-04-01T21:48:53Z,0,An interesting choice.,e5797c612fc34ff69f3424171717d0eb
spotify:track:0lVdukU9ejbFQwZIhg47hx,e1a362ba4ee648dd9f6f5e72bba8144a,2022-04-01T21:59:05Z,2,,e5797c612fc34ff69f3424171717d0eb
spotify:track:388a1WyLILUXFJOru3RcWH,e1a362ba4ee648dd9f6f5e72bba8144a,2022-04-01T21:59:05Z,2,,e5797c612fc34ff69f3424171717d0eb
spotify:track:3JOVTQ5h8HGFnDdp4VT3MP,e1a362ba4ee648dd9f6f5e72bba8144a,2022-04-01T21:59:05Z,2,,e5797c612fc34ff69f3424171717d0eb
spotify:track:4fXGWiVhlOLdhwRDP6pIFG,e1a362ba4ee648dd9f6f5e72bba8144a,2022-04-01T21:59:05Z,2,,e5797c612fc34ff69f3424171717d0eb
spotify:track:5HNCy40Ni5BZJFw1TKzRsC,e1a362ba4ee648dd9f6f5e72bba8144a,2022-04-01T21:59:05Z,2,,e5797c612fc34ff69f3424171717d0eb
spotify:track:0DoACS30GwIY6qaFjCMMUz,19eff85db4e848b5883f12fff6042b18,2022-04-01T22:02:10Z,2,Ahhh yeahhhh. Anything from this album could be pretty good. Points!,e5797c612fc34ff69f3424171717d0eb
spotify:track:0Qv7xi6uPSqH2k82tOkGSt,19eff85db4e848b5883f12fff6042b18,2022-04-01T22:02:10Z,1,,e5797c612fc34ff69f3424171717d0eb
spotify:track:0sNKiz82ATCvT3f3XVVUUj,19eff85db4e848b5883f12fff6042b18,2022-04-01T22:02:10Z,2,,e5797c612fc34ff69f3424171717d0eb
spotify:track:2bXpRsQGJIlHJrRhtlWIPj,19eff85db4e848b5883f12fff6042b18,2022-04-01T22:02:10Z,3,,e5797c612fc34ff69f3424171717d0eb
spotify:track:3JOVTQ5h8HGFnDdp4VT3MP,19eff85db4e848b5883f12fff6042b18,2022-04-01T22:02:10Z,1,,e5797c612fc34ff69f3424171717d0eb
spotify:track:52XZaRqI8489fZAdQwsRok,19eff85db4e848b5883f12fff6042b18,2022-04-01T22:02:10Z,1,,e5797c612fc34ff69f3424171717d0eb
spotify:track:0lVdukU9ejbFQwZIhg47hx,a2fc223a9f144363a5263c63b718a7b9,2022-04-01T22:03:49Z,1,,e5797c612fc34ff69f3424171717d0eb
spotify:track:0Qv7xi6uPSqH2k82tOkGSt,a2fc223a9f144363a5263c63b718a7b9,2022-04-01T22:03:49Z,1,,e5797c612fc34ff69f3424171717d0eb
spotify:track:388a1WyLILUXFJOru3RcWH,a2fc223a9f144363a5263c63b718a7b9,2022-04-01T22:03:49Z,2,,e5797c612fc34ff69f3424171717d0eb
spotify:track:3JOVTQ5h8HGFnDdp4VT3MP,a2fc223a9f144363a5263c63b718a7b9,2022-04-01T22:03:49Z,2,,e5797c612fc34ff69f3424171717d0eb
spotify:track:3rqXh9yVOCPHGUjaW2a200,a2fc223a9f144363a5263c63b718a7b9,2022-04-01T22:03:49Z,1,,e5797c612fc34ff69f3424171717d0eb
spotify:track:4fXGWiVhlOLdhwRDP6pIFG,a2fc223a9f144363a5263c63b718a7b9,2022-04-01T22:03:49Z,1,,e5797c612fc34ff69f3424171717d0eb
spotify:track:5HNCy40Ni5BZJFw1TKzRsC,a2fc223a9f144363a5263c63b718a7b9,2022-04-01T22:03:49Z,2,,e5797c612fc34ff69f3424171717d0eb
spotify:track:0DoACS30GwIY6qaFjCMMUz,43c8053c706643709c37d432b5118001,2022-04-01T23:49:08Z,1,,e5797c612fc34ff69f3424171717d0eb
spotify:track:0lVdukU9ejbFQwZIhg47hx,43c8053c706643709c37d432b5118001,2022-04-01T23:49:08Z,1,,e5797c612fc34ff69f3424171717d0eb
spotify:track:0Qv7xi6uPSqH2k82tOkGSt,43c8053c706643709c37d432b5118001,2022-04-01T23:49:08Z,1,,e5797c612fc34ff69f3424171717d0eb
spotify:track:2bXpRsQGJIlHJrRhtlWIPj,43c8053c706643709c37d432b5118001,2022-04-01T23:49:08Z,1,,e5797c612fc34ff69f3424171717d0eb
spotify:track:2crW6vfai2yE3ZD5RRxxuE,43c8053c706643709c37d432b5118001,2022-04-01T23:49:08Z,1,,e5797c612fc34ff69f3424171717d0eb
spotify:track:388a1WyLILUXFJOru3RcWH,43c8053c706643709c37d432b5118001,2022-04-01T23:49:08Z,1,,e5797c612fc34ff69f3424171717d0eb
spotify:track:3rqXh9yVOCPHGUjaW2a200,43c8053c706643709c37d432b5118001,2022-04-01T23:49:08Z,1,,e5797c612fc34ff69f3424171717d0eb
spotify:track:4fXGWiVhlOLdhwRDP6pIFG,43c8053c706643709c37d432b5118001,2022-04-01T23:49:08Z,1,,e5797c612fc34ff69f3424171717d0eb
spotify:track:52XZaRqI8489fZAdQwsRok,43c8053c706643709c37d432b5118001,2022-04-01T23:49:08Z,1,,e5797c612fc34ff69f3424171717d0eb
spotify:track:5HNCy40Ni5BZJFw1TKzRsC,43c8053c706643709c37d432b5118001,2022-04-01T23:49:08Z,1,,e5797c612fc34ff69f3424171717d0eb
spotify:track:1HLhbWXdjLxlFObywMiosH,b1d3b6bb237f476daab860bce327dbd6,2022-04-06T00:14:56Z,1,1 for a great performance by Sherie Rene Scott and hitting the theme. Less of a favorite than some of the other submissions.,3c6d9cc2664f446dba083e26793f57e4
spotify:track:2Bsn2S319fHmyVCx60D2F2,b1d3b6bb237f476daab860bce327dbd6,2022-04-06T00:14:56Z,0,"Decent song, might give it points. It felt a little broad to me thematically. I wanted a story.",3c6d9cc2664f446dba083e26793f57e4
spotify:track:2LLtAWT0pLApYwijwghRie,b1d3b6bb237f476daab860bce327dbd6,2022-04-06T00:14:56Z,1,I felt the loss with this one!,3c6d9cc2664f446dba083e26793f57e4
spotify:track:2zhk0kypGeOPsaaZcjyc14,b1d3b6bb237f476daab860bce327dbd6,2022-04-06T00:14:56Z,2,So good. I felt this one in my heart! Excellent pick.,3c6d9cc2664f446dba083e26793f57e4
spotify:track:4zVPevC2rE84lySHxX61Yr,b1d3b6bb237f476daab860bce327dbd6,2022-04-06T00:14:56Z,0,"I'm not a huge Billy Joel fan, so one of his songs needs to hit it out of the park for me to give it points.",3c6d9cc2664f446dba083e26793f57e4
spotify:track:5D7y9PEbt6y8dEcoD1nj6N,b1d3b6bb237f476daab860bce327dbd6,2022-04-06T00:14:56Z,2,"Michelle can be mad, but I definitely did not listen to this entire song. It was a banger though and definitely thematic!",3c6d9cc2664f446dba083e26793f57e4
spotify:track:5wANPM4fQCJwkGd4rN57mH,b1d3b6bb237f476daab860bce327dbd6,2022-04-06T00:14:56Z,3,"YESSSSSSSSSSSSS. You know that you could count on me for some points, didn't you? Someone remind me to share the SNL skit after.",3c6d9cc2664f446dba083e26793f57e4
spotify:track:6OG1S805gIrH5nAQbEOPY3,b1d3b6bb237f476daab860bce327dbd6,2022-04-06T00:14:56Z,0,"As much as I love this song, it wasn't too late with this one. That's the entire point of the song. :/",3c6d9cc2664f446dba083e26793f57e4
spotify:track:75JFxkI2RXiU7L9VXzMkle,b1d3b6bb237f476daab860bce327dbd6,2022-04-06T00:14:56Z,0,"Like Billy Joel, a Coldplay song has to really kill it for me to give it points.",3c6d9cc2664f446dba083e26793f57e4
spotify:track:77rlwv75irCcg50920G04u,b1d3b6bb237f476daab860bce327dbd6,2022-04-06T00:14:56Z,1,"I will sing along to this song anytime, anywhere, anyday.",3c6d9cc2664f446dba083e26793f57e4
spotify:track:1fLhGF1JfGQYj6EZLndD86,b0415b544bb44324a6afca46625ea1a7,2022-04-06T15:07:20Z,3,,3c6d9cc2664f446dba083e26793f57e4
spotify:track:3u9dKYJChb6U5h6bG0bUug,b0415b544bb44324a6afca46625ea1a7,2022-04-06T15:07:20Z,5,Great song. Great pick. I'd give you more points if I could...,3c6d9cc2664f446dba083e26793f57e4
spotify:track:5D7y9PEbt6y8dEcoD1nj6N,b0415b544bb44324a6afca46625ea1a7,2022-04-06T15:07:20Z,1,14 minute through-composed rock ballad? Ballsy...,3c6d9cc2664f446dba083e26793f57e4
spotify:track:77rlwv75irCcg50920G04u,b0415b544bb44324a6afca46625ea1a7,2022-04-06T15:07:20Z,1,Too obvious a pick? Still good.,3c6d9cc2664f446dba083e26793f57e4
spotify:track:1fLhGF1JfGQYj6EZLndD86,36d943fd539042239fb5646d50d0a9ad,2022-04-07T03:23:40Z,1,"Solid pick, I like this song and lyrics fit.",3c6d9cc2664f446dba083e26793f57e4
spotify:track:1HLhbWXdjLxlFObywMiosH,36d943fd539042239fb5646d50d0a9ad,2022-04-07T03:23:40Z,3,"Gah, devastating. Love this musical",3c6d9cc2664f446dba083e26793f57e4
spotify:track:2Bsn2S319fHmyVCx60D2F2,36d943fd539042239fb5646d50d0a9ad,2022-04-07T03:23:40Z,0,"Cheese but I like it.  No idea if lyrically it fits, since I can’t understand a single word they sing.",3c6d9cc2664f446dba083e26793f57e4
spotify:track:2LLtAWT0pLApYwijwghRie,36d943fd539042239fb5646d50d0a9ad,2022-04-07T03:23:40Z,1,Cheese but I like it.  Lyrics seems to fit decently.,3c6d9cc2664f446dba083e26793f57e4
spotify:track:2zhk0kypGeOPsaaZcjyc14,36d943fd539042239fb5646d50d0a9ad,2022-04-07T03:23:40Z,2,Really enjoyed this.  Will need to research Cam more. A++,3c6d9cc2664f446dba083e26793f57e4
spotify:track:3u9dKYJChb6U5h6bG0bUug,36d943fd539042239fb5646d50d0a9ad,2022-04-07T03:23:40Z,2,Well this is delightful.  A++++++ submission.  Is this Pyre’s return to form?,3c6d9cc2664f446dba083e26793f57e4
spotify:track:4zVPevC2rE84lySHxX61Yr,36d943fd539042239fb5646d50d0a9ad,2022-04-07T03:23:40Z,0,BJ2077,3c6d9cc2664f446dba083e26793f57e4
spotify:track:5D7y9PEbt6y8dEcoD1nj6N,36d943fd539042239fb5646d50d0a9ad,2022-04-07T03:23:40Z,0,Gonna be a no from me.,3c6d9cc2664f446dba083e26793f57e4
spotify:track:6OG1S805gIrH5nAQbEOPY3,36d943fd539042239fb5646d50d0a9ad,2022-04-07T03:23:40Z,1,"Love the musical, I would have picked Burn instead.",3c6d9cc2664f446dba083e26793f57e4
spotify:track:77rlwv75irCcg50920G04u,36d943fd539042239fb5646d50d0a9ad,2022-04-07T03:23:40Z,0,Too obvious,3c6d9cc2664f446dba083e26793f57e4
spotify:track:1fLhGF1JfGQYj6EZLndD86,6ce162a9365146b1913d3e4c9736c280,2022-04-07T11:33:05Z,3,,3c6d9cc2664f446dba083e26793f57e4
spotify:track:3u9dKYJChb6U5h6bG0bUug,6ce162a9365146b1913d3e4c9736c280,2022-04-07T11:33:05Z,1,,3c6d9cc2664f446dba083e26793f57e4
spotify:track:5D7y9PEbt6y8dEcoD1nj6N,6ce162a9365146b1913d3e4c9736c280,2022-04-07T11:33:05Z,3,,3c6d9cc2664f446dba083e26793f57e4
spotify:track:5wANPM4fQCJwkGd4rN57mH,6ce162a9365146b1913d3e4c9736c280,2022-04-07T11:33:05Z,2,,3c6d9cc2664f446dba083e26793f57e4
spotify:track:75JFxkI2RXiU7L9VXzMkle,6ce162a9365146b1913d3e4c9736c280,2022-04-07T11:33:05Z,1,,3c6d9cc2664f446dba083e26793f57e4
spotify:track:1fLhGF1JfGQYj6EZLndD86,395e5c719c574cbd81ec148a0e6a28c6,2022-04-08T06:12:28Z,1,Fits the theme and I was tapping my toes a little at the Luis Fonsi parts,3c6d9cc2664f446dba083e26793f57e4
spotify:track:1HLhbWXdjLxlFObywMiosH,395e5c719c574cbd81ec148a0e6a28c6,2022-04-08T06:12:28Z,3,I very much love L5Y.  I think this song is a great pick because you hear in real time Cathy and Jamie realizing their relationship is past salvaging.  And it's a great performance. Thank you for not submitting the movie version.,3c6d9cc2664f446dba083e26793f57e4
spotify:track:2Bsn2S319fHmyVCx60D2F2,395e5c719c574cbd81ec148a0e6a28c6,2022-04-08T06:12:28Z,0,I loooooooove me some Scissor Sisters. They produce fabulous booty-shaking bops.  The fit for the theme is a little too loose for me though.,3c6d9cc2664f446dba083e26793f57e4
spotify:track:2LLtAWT0pLApYwijwghRie,395e5c719c574cbd81ec148a0e6a28c6,2022-04-08T06:12:28Z,3,"Definitely my favorite pick on this list, both in terms of fitting the theme and enjoyment (even if I thought it ran too long)",3c6d9cc2664f446dba083e26793f57e4
spotify:track:5D7y9PEbt6y8dEcoD1nj6N,395e5c719c574cbd81ec148a0e6a28c6,2022-04-08T06:12:28Z,1,You earned points for creativity on the theme but lost points because the 14 minute runtime + having to educate myself on The Iliad + the song itself were slogs.,3c6d9cc2664f446dba083e26793f57e4
spotify:track:5wANPM4fQCJwkGd4rN57mH,395e5c719c574cbd81ec148a0e6a28c6,2022-04-08T06:12:28Z,0,"I do love this song, but I felt like there were other songs that fit the theme better",3c6d9cc2664f446dba083e26793f57e4
spotify:track:6OG1S805gIrH5nAQbEOPY3,395e5c719c574cbd81ec148a0e6a28c6,2022-04-08T06:12:28Z,1,"I like the cleverness in this submission from the irony that everyone in the audience knows that in fact no, America will not be back, it's definitely too late to plead or cajole or threaten, the gears are already in motion.",3c6d9cc2664f446dba083e26793f57e4
spotify:track:75JFxkI2RXiU7L9VXzMkle,395e5c719c574cbd81ec148a0e6a28c6,2022-04-08T06:12:28Z,1,I like that the song goes beyond the motif of breakup and explicitly states a desire to do something impossible (go back to the start),3c6d9cc2664f446dba083e26793f57e4
spotify:track:77rlwv75irCcg50920G04u,395e5c719c574cbd81ec148a0e6a28c6,2022-04-08T06:12:28Z,0,"I do really really really love this song, and it does fit the theme but I wanted to give my points to something less blatant",3c6d9cc2664f446dba083e26793f57e4
spotify:track:1fLhGF1JfGQYj6EZLndD86,b980e47a32c74ddb9f30e77e1959157a,2022-04-08T13:14:00Z,2,,3c6d9cc2664f446dba083e26793f57e4
spotify:track:5wANPM4fQCJwkGd4rN57mH,b980e47a32c74ddb9f30e77e1959157a,2022-04-08T13:14:00Z,2,,3c6d9cc2664f446dba083e26793f57e4
spotify:track:6OG1S805gIrH5nAQbEOPY3,b980e47a32c74ddb9f30e77e1959157a,2022-04-08T13:14:00Z,2,,3c6d9cc2664f446dba083e26793f57e4
spotify:track:75JFxkI2RXiU7L9VXzMkle,b980e47a32c74ddb9f30e77e1959157a,2022-04-08T13:14:00Z,2,,3c6d9cc2664f446dba083e26793f57e4
spotify:track:77rlwv75irCcg50920G04u,b980e47a32c74ddb9f30e77e1959157a,2022-04-08T13:14:00Z,2,,3c6d9cc2664f446dba083e26793f57e4
spotify:track:1fLhGF1JfGQYj6EZLndD86,e1a362ba4ee648dd9f6f5e72bba8144a,2022-04-08T13:51:41Z,4,,3c6d9cc2664f446dba083e26793f57e4
spotify:track:2LLtAWT0pLApYwijwghRie,e1a362ba4ee648dd9f6f5e72bba8144a,2022-04-08T13:51:41Z,2,,3c6d9cc2664f446dba083e26793f57e4
spotify:track:3u9dKYJChb6U5h6bG0bUug,e1a362ba4ee648dd9f6f5e72bba8144a,2022-04-08T13:51:41Z,4,,3c6d9cc2664f446dba083e26793f57e4
spotify:track:1fLhGF1JfGQYj6EZLndD86,d21152e7d3cd4a69b0951abdfe3e1480,2022-04-08T22:41:08Z,1,Points for definite regret at something that can't happen anymore!,3c6d9cc2664f446dba083e26793f57e4
spotify:track:1HLhbWXdjLxlFObywMiosH,d21152e7d3cd4a69b0951abdfe3e1480,2022-04-08T22:41:08Z,3,"On the face of it, this doesn't fit. Choosing a musical where the story is told out of order so it *is* too late at this point in the story but happens so early in the show to fit the theme deserves an applause though",3c6d9cc2664f446dba083e26793f57e4
spotify:track:2Bsn2S319fHmyVCx60D2F2,d21152e7d3cd4a69b0951abdfe3e1480,2022-04-08T22:41:08Z,0,"Reading the lyrics, this seems to be the protagonist telling someone else ""You've missed your chance"" as opposed to them wanting it",3c6d9cc2664f446dba083e26793f57e4
spotify:track:2LLtAWT0pLApYwijwghRie,d21152e7d3cd4a69b0951abdfe3e1480,2022-04-08T22:41:08Z,0,"For me, this one is ""This has happened, you suck"" as opposed to ""I want this to happen, you suck""",3c6d9cc2664f446dba083e26793f57e4
spotify:track:2zhk0kypGeOPsaaZcjyc14,d21152e7d3cd4a69b0951abdfe3e1480,2022-04-08T22:41:08Z,1,"I really liked this, but having another look at it gives me ""You sucked"" vibes. Still, initially wanted to give it points so have some",3c6d9cc2664f446dba083e26793f57e4
spotify:track:3u9dKYJChb6U5h6bG0bUug,d21152e7d3cd4a69b0951abdfe3e1480,2022-04-08T22:41:08Z,0,This one was *weird*,3c6d9cc2664f446dba083e26793f57e4
spotify:track:5wANPM4fQCJwkGd4rN57mH,d21152e7d3cd4a69b0951abdfe3e1480,2022-04-08T22:41:08Z,3,,3c6d9cc2664f446dba083e26793f57e4
spotify:track:6OG1S805gIrH5nAQbEOPY3,d21152e7d3cd4a69b0951abdfe3e1480,2022-04-08T22:41:08Z,0,"Hey look, it's a song from Hamilton I actually like! What a novelty.",3c6d9cc2664f446dba083e26793f57e4
spotify:track:75JFxkI2RXiU7L9VXzMkle,d21152e7d3cd4a69b0951abdfe3e1480,2022-04-08T22:41:08Z,2,"I am begrudgingly giving Coldplay points, this is the worst thing that has ever happened",3c6d9cc2664f446dba083e26793f57e4
spotify:track:77rlwv75irCcg50920G04u,d21152e7d3cd4a69b0951abdfe3e1480,2022-04-08T22:41:08Z,0,"This was the first thing that came to mind, but I discounted it because a: I assumed someone else would submit it and b) the story of the song isn't the protagonist wanting something",3c6d9cc2664f446dba083e26793f57e4
spotify:track:1fLhGF1JfGQYj6EZLndD86,a2fc223a9f144363a5263c63b718a7b9,2022-04-08T22:41:42Z,1,I’d Zumba to this. ,3c6d9cc2664f446dba083e26793f57e4
spotify:track:2LLtAWT0pLApYwijwghRie,a2fc223a9f144363a5263c63b718a7b9,2022-04-08T22:41:42Z,2,,3c6d9cc2664f446dba083e26793f57e4
spotify:track:3u9dKYJChb6U5h6bG0bUug,a2fc223a9f144363a5263c63b718a7b9,2022-04-08T22:41:42Z,2,"Not sure if it’s the protagonist that wants something that it’s too late for, but this song is great. ",3c6d9cc2664f446dba083e26793f57e4
spotify:track:5wANPM4fQCJwkGd4rN57mH,a2fc223a9f144363a5263c63b718a7b9,2022-04-08T22:41:42Z,2,,3c6d9cc2664f446dba083e26793f57e4
spotify:track:6OG1S805gIrH5nAQbEOPY3,a2fc223a9f144363a5263c63b718a7b9,2022-04-08T22:41:42Z,2,,3c6d9cc2664f446dba083e26793f57e4
spotify:track:77rlwv75irCcg50920G04u,a2fc223a9f144363a5263c63b718a7b9,2022-04-08T22:41:42Z,1,,3c6d9cc2664f446dba083e26793f57e4
spotify:track:1fLhGF1JfGQYj6EZLndD86,9e5c0f25c78544de921a2a52b9412022,2022-04-08T22:42:00Z,0,"I felt like the protagonist was using too much “I guess it is too late” language rather than it actually being too late. Possibly too much emphasis on lyrics, but it didn’t move me enough to fight for a point.",3c6d9cc2664f446dba083e26793f57e4
spotify:track:2LLtAWT0pLApYwijwghRie,9e5c0f25c78544de921a2a52b9412022,2022-04-08T22:42:00Z,1,theme fitting. I’d give it more if I liked it more.,3c6d9cc2664f446dba083e26793f57e4
spotify:track:2zhk0kypGeOPsaaZcjyc14,9e5c0f25c78544de921a2a52b9412022,2022-04-08T22:42:00Z,2,"hmm.. the protagonist here is aware of the dream aspect of her core dilemma. However, I think she clearly is referencing the permeating nature of her irl “too late” situation. ",3c6d9cc2664f446dba083e26793f57e4
spotify:track:4zVPevC2rE84lySHxX61Yr,9e5c0f25c78544de921a2a52b9412022,2022-04-08T22:42:00Z,3,"yep, indirect and fitting while not about the common scenario of the loss of a lover. Gj",3c6d9cc2664f446dba083e26793f57e4
spotify:track:5D7y9PEbt6y8dEcoD1nj6N,9e5c0f25c78544de921a2a52b9412022,2022-04-08T22:42:00Z,0,This went in a journey for me but ultimately short on the fact the song was a bit too long and I wanted more to give other songs points.,3c6d9cc2664f446dba083e26793f57e4
spotify:track:5wANPM4fQCJwkGd4rN57mH,9e5c0f25c78544de921a2a52b9412022,2022-04-08T22:42:00Z,2,Hadn’t heard this before but dug it.,3c6d9cc2664f446dba083e26793f57e4
spotify:track:6OG1S805gIrH5nAQbEOPY3,9e5c0f25c78544de921a2a52b9412022,2022-04-08T22:42:00Z,1,"Physically unable to deny you points for this selection. I’d give you more if it seemed slightly more fitting, as I think it is a bit more “it isn’t too late” but you still get one point with this fun choice.",3c6d9cc2664f446dba083e26793f57e4
spotify:track:75JFxkI2RXiU7L9VXzMkle,9e5c0f25c78544de921a2a52b9412022,2022-04-08T22:42:00Z,1,I can see this being too present or future tense applicable to give it more points. ,3c6d9cc2664f446dba083e26793f57e4
spotify:track:1HLhbWXdjLxlFObywMiosH,19eff85db4e848b5883f12fff6042b18,2022-04-08T23:02:11Z,1,,3c6d9cc2664f446dba083e26793f57e4
spotify:track:2Bsn2S319fHmyVCx60D2F2,19eff85db4e848b5883f12fff6042b18,2022-04-08T23:02:11Z,1,,3c6d9cc2664f446dba083e26793f57e4
spotify:track:2zhk0kypGeOPsaaZcjyc14,19eff85db4e848b5883f12fff6042b18,2022-04-08T23:02:11Z,1,,3c6d9cc2664f446dba083e26793f57e4
spotify:track:5D7y9PEbt6y8dEcoD1nj6N,19eff85db4e848b5883f12fff6042b18,2022-04-08T23:02:11Z,1,,3c6d9cc2664f446dba083e26793f57e4
spotify:track:5wANPM4fQCJwkGd4rN57mH,19eff85db4e848b5883f12fff6042b18,2022-04-08T23:02:11Z,1,,3c6d9cc2664f446dba083e26793f57e4
spotify:track:6OG1S805gIrH5nAQbEOPY3,19eff85db4e848b5883f12fff6042b18,2022-04-08T23:02:11Z,2,,3c6d9cc2664f446dba083e26793f57e4
spotify:track:77rlwv75irCcg50920G04u,19eff85db4e848b5883f12fff6042b18,2022-04-08T23:02:11Z,3,,3c6d9cc2664f446dba083e26793f57e4
spotify:track:1fLhGF1JfGQYj6EZLndD86,43c8053c706643709c37d432b5118001,2022-04-08T23:03:58Z,1,AHH MARINA!!,3c6d9cc2664f446dba083e26793f57e4
spotify:track:1HLhbWXdjLxlFObywMiosH,43c8053c706643709c37d432b5118001,2022-04-08T23:03:58Z,1,,3c6d9cc2664f446dba083e26793f57e4
spotify:track:2Bsn2S319fHmyVCx60D2F2,43c8053c706643709c37d432b5118001,2022-04-08T23:03:58Z,1,That album cover makes me uncomfortable 😆,3c6d9cc2664f446dba083e26793f57e4
spotify:track:2LLtAWT0pLApYwijwghRie,43c8053c706643709c37d432b5118001,2022-04-08T23:03:58Z,1,,3c6d9cc2664f446dba083e26793f57e4
spotify:track:2zhk0kypGeOPsaaZcjyc14,43c8053c706643709c37d432b5118001,2022-04-08T23:03:58Z,1,,3c6d9cc2664f446dba083e26793f57e4
spotify:track:3u9dKYJChb6U5h6bG0bUug,43c8053c706643709c37d432b5118001,2022-04-08T23:03:58Z,1,Ahhh forgot about this one,3c6d9cc2664f446dba083e26793f57e4
spotify:track:5D7y9PEbt6y8dEcoD1nj6N,43c8053c706643709c37d432b5118001,2022-04-08T23:03:58Z,1,,3c6d9cc2664f446dba083e26793f57e4
spotify:track:5wANPM4fQCJwkGd4rN57mH,43c8053c706643709c37d432b5118001,2022-04-08T23:03:58Z,1,"Ooh I finally get to hear this song, I’ve been living under a rock",3c6d9cc2664f446dba083e26793f57e4
spotify:track:6OG1S805gIrH5nAQbEOPY3,43c8053c706643709c37d432b5118001,2022-04-08T23:03:58Z,1,,3c6d9cc2664f446dba083e26793f57e4
spotify:track:77rlwv75irCcg50920G04u,43c8053c706643709c37d432b5118001,2022-04-08T23:03:58Z,1,,3c6d9cc2664f446dba083e26793f57e4
