Spotify URI,Title,Album,Artist(s),Submitter ID,Created,Comment,Round ID,Visible To Voters
spotify:track:04AZqnPolLfw2gMspTwya0,Hootie & the Blowfish,Rock n Roll Will Never Die,Wesley Willis,6de986b735634d1f855fa96fd0b4c188,2023-09-05T16:09:33Z,"Team Name: The Blowfish
Mascot: Blowie the Blowfish (Google It)
Motto: Blow Hard",e660d2dc3314465ca2e1053557ec7c27,No
spotify:track:0pqnGHJpmpxLKifKRmU6WP,Believer,Evolve,Imagine Dragons,111c3494cbc6416e847d29e116a30233,2023-09-07T22:07:00Z,"Name: The Basics
Mascot: Just some guy",e660d2dc3314465ca2e1053557ec7c27,No
spotify:track:12PNcnMsjsZ3eHm62t8hiy,"All I Do Is Win (feat. T-Pain, Ludacris, Snoop Dogg & Rick Ross)",Victory,DJ Khaled,43bc65daa20a4c7493432d846d37be15,2023-09-04T22:07:07Z,"Team name: Ass-Whooper Mascot: A cartoon-ish black leather whip, cuteee ",e660d2dc3314465ca2e1053557ec7c27,Yes
spotify:track:1B2qqmvJewTJuxhM7rMR7C,Apache Spirit - Native American Music,Drums and Chants of Natives (10 Indian Tunes Performed on Native American Drums and Chants),TCO,73792dc4fb134f42b35fb1e95aafc997,2023-09-06T00:16:27Z,The Albuquerque Apaches,e660d2dc3314465ca2e1053557ec7c27,Yes
spotify:track:1RDvyOk4WtPCtoqciJwVn8,Dreamers [Music from the FIFA World Cup Qatar 2022 Official Soundtrack],Dreamers [Music from the FIFA World Cup Qatar 2022 Official Soundtrack],"Jung Kook, BTS, FIFA Sound",146061bd9e9d40ff8e566c1fb0cf8d91,2023-09-08T00:28:28Z,,e660d2dc3314465ca2e1053557ec7c27,No
spotify:track:2KH16WveTQWT6KOG9Rg6e2,Eye of the Tiger,Rocky IV,Survivor,cc4efe883de54a888a6ebe56d37b51a2,2023-09-07T20:52:25Z,The team is from Cockeysville and the mascot is the Carole Baskins.,e660d2dc3314465ca2e1053557ec7c27,No
spotify:track:3yvZ1VUso9Xi7EvIyLaj4o,Royals,Pure Heroine,Lorde,36d943fd539042239fb5646d50d0a9ad,2023-09-07T21:15:08Z,"Team: The Kansas City Peasants
Mascot: A tiger on a gold leash led around by someone in a medieval peasant outfit",e660d2dc3314465ca2e1053557ec7c27,Yes
spotify:track:3ZAMtgYJFoHwJjFkhkXqKr,Dance (A$$) Remix,Finally Famous,"Big Sean, Nicki Minaj",283bbe28de144d8699a1126d13543e37,2023-09-08T00:43:11Z,"Team: the Montana Moons
Mascot: A big anthropomorphized smiling butt with legs, a la the ""Little Miss"" cartoons except more badass.",e660d2dc3314465ca2e1053557ec7c27,Yes
spotify:track:42T2QQv3xgBlpQxaSP7lnK,One Last Breath,Weathered,Creed,d70b6dc57792481f870a0dcc49fb2b7e,2023-09-08T00:44:07Z,"Team: Duluth Disillusioned Dads

Mascot: Lightly tired man at Big Lots in JNCO jeans and puffy DCs ",e660d2dc3314465ca2e1053557ec7c27,Yes
spotify:track:57QFOU3f7O0gDLadxv5z8w,Ice Cream Paint Job,Dorrough Music,Dorrough Music,42d9f1ea11924ac080011b6a3906a78e,2023-09-07T18:58:24Z,"The Pittsburgh painters. 
Mascot: Painter with Mario mustache and industrial roller 
Slogan: We‚Äôll paint ya up good!",e660d2dc3314465ca2e1053557ec7c27,No
spotify:track:5HOpkTTVcmZHnthgyxrIL8,The Fox (What Does the Fox Say?),The Fox (What Does the Fox Say?),Ylvis,05b91a3329b842708bfc13de7d68071f,2023-09-08T00:25:25Z,FOXES!!! This would play well in a stadium. It‚Äôs prob a california team. That doesn‚Äôt take itself seriously. Like the banana slugs ,e660d2dc3314465ca2e1053557ec7c27,Yes
spotify:track:6k41naacsmD4L3i9AzCFom,Now We Are Free,Gladiator: 20th Anniversary Edition,"Hans Zimmer, Klaus Badelt, Lisa Gerrard, Gavin Greenaway, The Lyndhurst Orchestra",9e24a3377ce948939e270f6c2c4f6d1d,2023-09-07T05:06:26Z,"My team mascot would be a Gladiator and the name would be ""The Fightin' Crowes""",e660d2dc3314465ca2e1053557ec7c27,No
spotify:track:02VBYrHfVwfEWXk5DXyf0T,Leave The Door Open,An Evening With Silk Sonic,"Bruno Mars, Anderson .Paak, Silk Sonic",d70b6dc57792481f870a0dcc49fb2b7e,2023-09-14T17:36:18Z,*me being last in waiver priority but speaking to Christine Michael from the heart*,a87e9ba5c9f244a7906bcc22a23bdbcd,Yes
spotify:track:1mSClObliRtgPVT399COQH,Under Pressure,Hot Space,"Queen, David Bowie",73792dc4fb134f42b35fb1e95aafc997,2023-09-13T23:54:18Z,,a87e9ba5c9f244a7906bcc22a23bdbcd,Yes
spotify:track:2VBdbxXCk36NAHWlgsQMgO,Unfriendly Game (feat. Stricklin),"...and all the pieces matter, Five Years of Music from The Wire (deluxe version)","Masta Ace, Stricklin",05b91a3329b842708bfc13de7d68071f,2023-09-15T00:13:02Z,I mean it‚Äôs legit from THE WIRE. THE WAIVER WIRE ,a87e9ba5c9f244a7906bcc22a23bdbcd,Yes
spotify:track:2ygeBLTP9uu3OW3VTulD8N,"Symphony No. 5 in C Minor, Op. 67: I. Allegro con brio",Originals Beethoven Box,"Ludwig van Beethoven, Wiener Philharmoniker, Carlos Kleiber",43bc65daa20a4c7493432d846d37be15,2023-09-15T00:38:48Z,,a87e9ba5c9f244a7906bcc22a23bdbcd,No
spotify:track:3lec3CzDPAxsZokPph5w87,"Jesus, Take the Wheel",Some Hearts,Carrie Underwood,36d943fd539042239fb5646d50d0a9ad,2023-09-12T19:45:42Z,,a87e9ba5c9f244a7906bcc22a23bdbcd,No
spotify:track:4j08A1efdJcVINBHSmQKPS,Under Pressure,Under Pressure,"My Chemical Romance, The Used",111c3494cbc6416e847d29e116a30233,2023-09-14T22:06:55Z,"Sure, there‚Äôs a better, more real, version of Under Pressure. But this is fantasy football. Crying, angst, and wild swings of emotions are the bedrock of the sport. This is the right version.",a87e9ba5c9f244a7906bcc22a23bdbcd,Yes
spotify:track:5aaXqH8rgKZxg61HjECldi,No Time for Caution,Interstellar (Original Motion Picture Soundtrack) [Expanded Edition],Hans Zimmer,146061bd9e9d40ff8e566c1fb0cf8d91,2023-09-14T22:38:38Z,,a87e9ba5c9f244a7906bcc22a23bdbcd,No
spotify:track:5BckPAYcKEJuYs1eV1BHHe,Take A Chance On Me,The Album,ABBA,cc4efe883de54a888a6ebe56d37b51a2,2023-09-12T19:38:28Z,Take a take a chance chance ,a87e9ba5c9f244a7906bcc22a23bdbcd,Yes
spotify:track:5PEleSkK4p4E1sx3x7cOLt,I Just Had Sex,Turtleneck & Chain (Explicit Version),"The Lonely Island, Akon",42d9f1ea11924ac080011b6a3906a78e,2023-09-15T00:41:33Z,That feeling when you actually got the dude you wanted,a87e9ba5c9f244a7906bcc22a23bdbcd,Yes
spotify:track:7DD7eSuYSC5xk2ArU62esN,Help! - Remastered 2009,Help! (Remastered),The Beatles,283bbe28de144d8699a1126d13543e37,2023-09-14T20:48:45Z,"""Help, I need somebody! Help! Not just anybody! Help! You know I need someone! Heeeeellppppp""",a87e9ba5c9f244a7906bcc22a23bdbcd,Yes
spotify:track:7Jh1bpe76CNTCgdgAdBw4Z,Heroes - 2017 Remaster,"""Heroes"" (2017 Remaster)",David Bowie,9e24a3377ce948939e270f6c2c4f6d1d,2023-09-15T02:47:09Z,"We can be here's, just for one (Sun)day!",a87e9ba5c9f244a7906bcc22a23bdbcd,Yes
spotify:track:0dOg1ySSI7NkpAe89Zo0b9,Born in the U.S.A.,Born In The U.S.A.,Bruce Springsteen,42d9f1ea11924ac080011b6a3906a78e,2023-09-21T02:32:52Z,"Timmy T is a good old boy, support ur country no matter what, and in ANY situation. üòè",eaf409d7b72149e8b83d3081817af8c9,Yes
spotify:track:0dQm9fEdHtH55SvR47Y3Lv,In De Zon,Koos Alberts,Koos Alberts,36d943fd539042239fb5646d50d0a9ad,2023-09-22T00:33:41Z,"TOUCHDOWN IN DE ZON!!!


Come on you KNOW that he‚Äôs a huge Koos Alberts fan ",eaf409d7b72149e8b83d3081817af8c9,Yes
spotify:track:0GZ1XV0JClCKSo9wTT9PGD,Lips Of An Angel,Kidz Bop 11,Kidz Bop Kids,d70b6dc57792481f870a0dcc49fb2b7e,2023-09-22T00:02:30Z,"üôè pray before you lay üôè

my algorithm's fucked now",eaf409d7b72149e8b83d3081817af8c9,Yes
spotify:track:1ZPlNanZsJSPK5h9YZZFbZ,Like a Virgin,Like a Virgin,Madonna,111c3494cbc6416e847d29e116a30233,2023-09-21T20:22:33Z,The irony was completely lost on ‚Äòol Timmy. ,eaf409d7b72149e8b83d3081817af8c9,Yes
spotify:track:24Gxm7Eh7tO83E26LG0CsY,Hero,Escape,Enrique Iglesias,05b91a3329b842708bfc13de7d68071f,2023-09-21T04:14:35Z,He‚Äôs a sensitive guy ok. ‚ÄúI CAN BE YOUR TEBOW BABY‚Äù,eaf409d7b72149e8b83d3081817af8c9,Yes
spotify:track:27uBwOJbW6kHsCbKGukxMK,At The Cross (Love Ran Red),Love Ran Red,Chris Tomlin,cc4efe883de54a888a6ebe56d37b51a2,2023-09-22T00:33:37Z,We all know he was thinkin about jacked Jeezy up on that cross come on ,eaf409d7b72149e8b83d3081817af8c9,Yes
spotify:track:4cqj8FIWkyR5A2XBtcqRMU,God Is A Freak,God Is A Freak,Peach PRC,283bbe28de144d8699a1126d13543e37,2023-09-21T19:25:14Z,üòè,eaf409d7b72149e8b83d3081817af8c9,Yes
spotify:track:4TbNLKRLKlxZDlS0pu7Lsy,You Raise Me Up,Closer,Josh Groban,9e24a3377ce948939e270f6c2c4f6d1d,2023-09-21T04:30:32Z,,eaf409d7b72149e8b83d3081817af8c9,No
spotify:track:4VxKFbwSOqYYU93ndl1Ap7,In the Night,In the Night,Phinehas,73792dc4fb134f42b35fb1e95aafc997,2023-09-21T00:26:46Z,He likes it rough ,eaf409d7b72149e8b83d3081817af8c9,Yes
spotify:track:5EYdTPdJD74r9EVZBztqGG,The Bad Touch,Hooray For Boobies,Bloodhound Gang,6de986b735634d1f855fa96fd0b4c188,2023-09-20T00:15:25Z,You and me baby ain't nothing but mammals so let's do it like they do on the Discovery Channel.,eaf409d7b72149e8b83d3081817af8c9,Yes
spotify:track:64ho5DYwhsWJqapwTd07y0,Just Like Heaven,House Of Miracles,Brandon Lake,43bc65daa20a4c7493432d846d37be15,2023-09-22T01:09:04Z,Dis boy can‚Äôt get enough of heaven ;) ,eaf409d7b72149e8b83d3081817af8c9,Yes
spotify:track:04KTF78FFg8sOHC1BADqbY,Hot In Herre,Nellyville,Nelly,111c3494cbc6416e847d29e116a30233,2023-09-28T20:28:14Z,Ray Lewis doesn‚Äôt just enter the game to this song. He has it blasting nearly 24/7. Some speculate it is the only song he knows. So it‚Äôs no surprise it was playing while the National Wildlife Federation broke down Ray‚Äôs door and busted him for his use of unsanctioned Deer Antler Spray. ,6c0214f4676645889673349b992c30c3,Yes
spotify:track:0MgCeAOIKqLKTul51wZWex,New Habit,A Reckoning,Kimbra,36d943fd539042239fb5646d50d0a9ad,2023-09-25T21:05:30Z,The drug was Ecstasy and the offender was Tim Teebow who became addicted to sex after Boinkin to the Grobes,6c0214f4676645889673349b992c30c3,Yes
spotify:track:0n1mtePp3NcJcD1wdOxJUe,Grandma's Got a Meth Lab in Her Kitchen,Grandma's Got a Meth Lab in Her Kitchen,Benjamin Faust,6de986b735634d1f855fa96fd0b4c188,2023-09-28T13:05:05Z,"Justin Tucker was just minding his own business, he claims, when the cops knocked down his door. JT says the song proves his innocence, but we'll never know for sure. We have to wonder how he could kick those insane field goals though, perhaps not on his own.",6c0214f4676645889673349b992c30c3,Yes
spotify:track:0qcr5FMsEO85NAQjrlDRKo,"Let It Go - From ""Frozen""/Soundtrack Version",Frozen (Original Motion Picture Soundtrack / Deluxe Edition),Idina Menzel,42d9f1ea11924ac080011b6a3906a78e,2023-09-28T21:34:08Z,In honor of the greatest snow queen. Cocaine ,6c0214f4676645889673349b992c30c3,Yes
spotify:track:0rRboI6IRuGx56Dq3UdYY4,Because I Got High,The Good Times,Afroman,73792dc4fb134f42b35fb1e95aafc997,2023-09-25T23:36:03Z,"I was gonna start the game, but then I got high. I was gonna catch the ball, but then I got high. I didn't get a new contract, and I know why...bc I got high, bc i got high, bc i got high.

- Antonio Brown on the reefer (Tampa Bay Bucs version)

",6c0214f4676645889673349b992c30c3,Yes
spotify:track:11OoUqXLghsFEEh47JeALh,Fantasy,Urban Flora,"Alina Baraz, Galimatias",43bc65daa20a4c7493432d846d37be15,2023-09-28T20:28:42Z,Molly~ Taking him on a fantasy trip ~~ get in touch with his sensual side ~~ ,6c0214f4676645889673349b992c30c3,Yes
spotify:track:1R0a2iXumgCiFb7HEZ7gUE,Don‚Äôt Blame Me,reputation,Taylor Swift,283bbe28de144d8699a1126d13543e37,2023-09-28T20:28:20Z,"""ohhh lord, save me, my drug is my baby and I'll be usin' for the rest of my life""
Player: Travis Kelce
Drug: His Baby (Taylor Swift)",6c0214f4676645889673349b992c30c3,Yes
spotify:track:3DHuFJY6nkvGiS0h4V2U35,And She Was - 2005 Remaster,Little Creatures (Deluxe Version),Talking Heads,cc4efe883de54a888a6ebe56d37b51a2,2023-09-28T15:09:48Z,Acid baby ,6c0214f4676645889673349b992c30c3,Yes
spotify:track:3O5osWf1rSoKMwe6E9ZaXP,evermore (feat. Bon Iver),evermore,"Taylor Swift, Bon Iver",05b91a3329b842708bfc13de7d68071f,2023-09-28T20:20:49Z,It was Travis kelce. He was using LSD in an attempt to binge Taylor‚Äôs entire catalog and understand the lyrics on a super deep level. ,6c0214f4676645889673349b992c30c3,Yes
spotify:track:5IweeQZdY5XEzStLzUJG5t,Purple Pills,Devils Night,D12,9e24a3377ce948939e270f6c2c4f6d1d,2023-09-26T04:35:01Z,"All of the above, Valium, shrooms,  all the üíä.  Player would be Josh Gordon, although I think his main thing was weed.",6c0214f4676645889673349b992c30c3,Yes
spotify:track:5salGxFLSXV88FU6NQ7Iru,We Are All On Drugs,Make Believe,Weezer,146061bd9e9d40ff8e566c1fb0cf8d91,2023-09-28T19:49:02Z,all of em,6c0214f4676645889673349b992c30c3,No
spotify:track:5VEnzMXc8ocZko4M4TqnR2,ONE MORE TIME,ONE MORE TIME / MORE THAN YOU KNOW,blink-182,d70b6dc57792481f870a0dcc49fb2b7e,2023-09-26T01:17:16Z,"Cris Collinsworth huffing gorilla glue on the Bengals 50 yard line at 3 am. 

(never said it couldn't be a retired player)",6c0214f4676645889673349b992c30c3,Yes
spotify:track:0lE5G9hSHoOGL8ve0zZ8Dk,New Math,Bo Burnham,Bo Burnham,6de986b735634d1f855fa96fd0b4c188,2023-10-05T22:21:11Z,"It's all about the new math folks.

What's a pirate minus the ship? Just a creative homeless guy?
What's Santa Claus multiplied by i? I guess that makes him real!

The math is mathing.",9dd0e07d9bab4e47aeca45edec4382ee,Yes
spotify:track:0uQ7lxATl004HzIXlS89L2,Math Suks,Beach House On The Moon,Jimmy Buffett,d70b6dc57792481f870a0dcc49fb2b7e,2023-10-05T23:43:35Z,There's no math in Margaritaville and it should stay out of football too üèñÔ∏è,9dd0e07d9bab4e47aeca45edec4382ee,Yes
spotify:track:1fujSajijBpJlr5mRGKHJN,The Luckiest,Rockin' The Suburbs,Ben Folds,111c3494cbc6416e847d29e116a30233,2023-10-05T21:24:48Z,"Oh Deebo Samuel is elite weapon for the 49ers and he‚Äôs healthy? How does 0 attempts for 0 yards sound? 

Oh, Raheem Mostert scored 41pts in week 3?? Add him now, he‚Äôs sure to perform next week! ‚Ä¶Just kidding, he gets 4 points for the week. 

The numbers mean nothing! The only way to win fantasy football is to be ‚Äúthe luckiest.‚Äù ",9dd0e07d9bab4e47aeca45edec4382ee,Yes
spotify:track:1H5tvpoApNDxvxDexoaAUo,Who Let The Dogs Out,Who Let The Dogs Out,Baha Men,42d9f1ea11924ac080011b6a3906a78e,2023-10-05T15:39:41Z,"YAC, aDOT, snap %??? Who needs all these stats when you only need to know one thing‚Ä¶.whether or not HE GOT THAT DOG IN HIM",9dd0e07d9bab4e47aeca45edec4382ee,Yes
spotify:track:2MK1w1IP4XRVML4ytPb6qC,A Kaleidoscope Of Mathematics,A Beautiful Mind (Original Motion Picture Soundtrack),James Horner,9e24a3377ce948939e270f6c2c4f6d1d,2023-10-04T21:04:28Z,,9dd0e07d9bab4e47aeca45edec4382ee,Yes
spotify:track:3Xyg9xN6RMzpcM95KVO7t8,Pinball Number Count,"Sesame Street: Songs From The Street, Vol. 3",The Pointer Sisters,36d943fd539042239fb5646d50d0a9ad,2023-10-03T18:52:10Z,12 because there are always 12 players on the field ‚Ä¶ in Canadian football ,9dd0e07d9bab4e47aeca45edec4382ee,Yes
spotify:track:4qkYiZablQoG7f0Qu4Nd1c,Jeopardy Main Theme,Jeopardy Main Theme,Geek Music,283bbe28de144d8699a1126d13543e37,2023-10-04T03:24:28Z,üé∂Do do do do do do do DO do do do do do! üé∂ Amirite?,9dd0e07d9bab4e47aeca45edec4382ee,Yes
spotify:track:4s0wuHeoQUqseTxG10cukT,Pyramid Song (Arr. Lawson),Enchanted Isle,"Jonny Greenwood, Thom Yorke, Philip Selway, Ed O'Brien, Colin Greenwood, VOCES8, Thomas Gould, Matthew Sharp, Eleanor Turner",cc4efe883de54a888a6ebe56d37b51a2,2023-10-05T21:55:00Z,3+3+4+3+3? Idfk ,9dd0e07d9bab4e47aeca45edec4382ee,Yes
spotify:track:60R2v9lheAu3lwZwAFxMZK,"White & Nerdy (Parody of ""Ridin'"" by Chamillionaire feat. Krayzie Bone)",Straight Outta Lynwood,"""Weird Al"" Yankovic",73792dc4fb134f42b35fb1e95aafc997,2023-10-05T17:35:02Z,,9dd0e07d9bab4e47aeca45edec4382ee,Yes
spotify:track:6X5NUMMo1FMNvVsFnJqwic,MATHdrill2: smoke that calculus,MATHdrill2: smoke that calculus,Robin Gan,43bc65daa20a4c7493432d846d37be15,2023-10-03T20:22:45Z,"That math is a bitch
Your math is a bitch
My math is my bitch
Your math is my bitch
Everybody math is my bitch
",9dd0e07d9bab4e47aeca45edec4382ee,Yes
spotify:track:7tvuLLroI0n6uYBWuFig5d,Lateralus,Lateralus,TOOL,05b91a3329b842708bfc13de7d68071f,2023-10-05T20:57:42Z,"MATH! Apparently this song incorporates the Fibonacci sequence into both the time signature of the chorus and the lyrics. The Fibonacci sequence is a mathematical ‚Äúspiral‚Äù: 1, 1, 2, 3, 5, 8, 5, 3, 2, 1, 1, 2, 3, 5, 8, 13, 8, 5, 3. If you count the syllables during the verses, it matches perfectly.
Also the lyric ‚ÄúI‚Äôm reaching out for the random, we‚Äôll ride the spiral to the end‚Äù describes my FF season, so ..",9dd0e07d9bab4e47aeca45edec4382ee,Yes
spotify:track:1ZozJfi8u9cO2Ob8KwiwNT,Higher,Human Clay,Creed,05b91a3329b842708bfc13de7d68071f,2023-10-11T21:12:29Z,Please watch this. Enough said : https://youtube.com/shorts/VUDKftkXSGo?si=8By_EygOeEDJ94HP,1b36861ecc1e44e98222ebe47a63af29,Yes
spotify:track:2yLa0QULdQr0qAIvVwN6B5,...Ready For It?,reputation,Taylor Swift,9e24a3377ce948939e270f6c2c4f6d1d,2023-10-12T04:11:02Z,"I mean, let's just make it official and say she is the queen of the NFL",1b36861ecc1e44e98222ebe47a63af29,Yes
spotify:track:3cqWSJzuxZCsglpaxWtosT,Before I Knew It,Twang,Mason Ramsey,283bbe28de144d8699a1126d13543e37,2023-10-12T20:48:58Z,"Walmart Yodelling Kid. It works, don't try to deny it.",1b36861ecc1e44e98222ebe47a63af29,Yes
spotify:track:3hb2ScEVkGchcAQqrPLP0R,Photograph,All the Right Reasons,Nickelback,cc4efe883de54a888a6ebe56d37b51a2,2023-10-12T18:20:47Z,See he could hold up charts of football stats and sing ‚ÄúLOOK AT THIS GRAPH!!!!!‚Äù. Idfk ,1b36861ecc1e44e98222ebe47a63af29,Yes
spotify:track:3hQCHzkE5oSA3F1xM8bpcM,Hustlin',Port Of Miami,Rick Ross,146061bd9e9d40ff8e566c1fb0cf8d91,2023-10-12T23:29:52Z,,1b36861ecc1e44e98222ebe47a63af29,No
spotify:track:3hv6ndi7uFT9L9wrhQCsqY,Gucci Flip Flops (feat. Lil Yachty),15,"Bhad Bhabie, Lil Yachty",42d9f1ea11924ac080011b6a3906a78e,2023-10-12T22:11:35Z,"She‚Äôs beauty, she‚Äôs grace, she‚Äôs americas sweetheart and voice of our generation. I can barely understand what she‚Äôs saying , but if you don‚Äôt love her, you can CASHMEOUSSIDE HO ",1b36861ecc1e44e98222ebe47a63af29,Yes
spotify:track:4Fx3LVYQXplhz70cfoqbgq,"Rainbow Connection - From ""The Muppet Movie""/Soundtrack Version",The Muppet Movie (Original Motion Picture Soundtrack),Kermit,43bc65daa20a4c7493432d846d37be15,2023-10-12T11:52:54Z,"The lovers, the dreamers, and me. 
Don‚Äôt we want Kermit to fill this world with love? ",1b36861ecc1e44e98222ebe47a63af29,Yes
spotify:track:6C4LXC9UFH1IKiHYOp0BiJ,Sunday Bloody Sunday - Remastered 2008,War (Remastered),U2,73792dc4fb134f42b35fb1e95aafc997,2023-10-11T01:25:01Z,Sometimes it gets real bloody out there,1b36861ecc1e44e98222ebe47a63af29,Yes
spotify:track:743EpVQoqs8d0kL433vTQD,Target,Target,LeVeon Bell,d70b6dc57792481f870a0dcc49fb2b7e,2023-10-12T22:30:16Z,"What a comeback this would be! Start the week as a free agent, end the week by accidentally reminding millions of people that you were cut from the Jets. ",1b36861ecc1e44e98222ebe47a63af29,Yes
spotify:track:7Bd2NT9HWyOY6vZnyWfOHz,Tennis Night,30 Rock,"Jeff Richmond, Jane Krakowski",36d943fd539042239fb5646d50d0a9ad,2023-10-12T21:54:49Z,,1b36861ecc1e44e98222ebe47a63af29,No
spotify:track:7lWkrcZmi7HiKsKjth2T0L,Wicked Game,Wicked Game,Tenacious D,111c3494cbc6416e847d29e116a30233,2023-10-12T19:25:35Z,"Jack Black should be the voice of a generation. Nay, the voice of every generation",1b36861ecc1e44e98222ebe47a63af29,Yes
spotify:track:0G53JYumT2vVxRGOtROlXk,Far Away,All the Right Reasons (Special Edition),Nickelback,d70b6dc57792481f870a0dcc49fb2b7e,2023-10-19T21:23:49Z,"Jesus Clyde why you making me confront these feelings on a Tuesday. Lyrical poet and savant of the stage, Chad Kroeger, can speak for me while I'm choked up. 

This playlist is gonna be stuffed to the dang brim with butt rock; I'm so excited, I can't breathe. Better go pick up my best dress polo from the dry cleaners, we're finally riding ü•π",3bad542572ff425b838c6ff71948b705,Yes
spotify:track:0gSc5Vo4tczXkHb2V208jz,Sunday Morning Coming Down,The Austin Sessions,Kris Kristofferson,9e24a3377ce948939e270f6c2c4f6d1d,2023-10-19T21:36:43Z,,3bad542572ff425b838c6ff71948b705,No
spotify:track:22HYEJveCvykVDHDiEEmjZ,Tubthumping,Tubthumper,Chumbawamba,111c3494cbc6416e847d29e116a30233,2023-10-19T21:52:56Z,"You get knocked down. But you‚Äôll get up again‚Ä¶Come Sunday, when 7 hours of commercial free football begins, thanks to NFL Redzone",3bad542572ff425b838c6ff71948b705,Yes
spotify:track:2dxjKgT0li4qBI3QwuN9Ih,Touch The Sky,Late Registration,"Kanye West, Lupe Fiasco",43bc65daa20a4c7493432d846d37be15,2023-10-17T22:19:12Z,No wife no burden we can touch the sky with our football addition ,3bad542572ff425b838c6ff71948b705,Yes
spotify:track:494aMHJOpaMyyxaqcmbjLi,Freedom,Experience Hendrix: The Best Of Jimi Hendrix,Jimi Hendrix,73792dc4fb134f42b35fb1e95aafc997,2023-10-18T21:42:05Z,Now you are free to watch all the football,3bad542572ff425b838c6ff71948b705,Yes
spotify:track:4wCmqSrbyCgxEXROQE6vtV,Somebody That I Used To Know,Making Mirrors,"Gotye, Kimbra",6de986b735634d1f855fa96fd0b4c188,2023-10-18T02:54:23Z,"It's the only ballad worth listening to in this time of need:

(Just because I watched football) you didn't have to cut me off!

Pretended you liked football and now we are nothing!

And I don't even need your love

But you treat me like Tim Tebow and it feels so rough

No you didn't have to stoop so low

Now you're just somebody that I used to know.",3bad542572ff425b838c6ff71948b705,Yes
spotify:track:5GorCbAP4aL0EJ16frG2hd,Boulevard of Broken Dreams,Greatest Hits: God's Favorite Band,Green Day,42d9f1ea11924ac080011b6a3906a78e,2023-10-19T17:22:23Z,"Lose my wife, lose my job, and still lose my FF games. I‚Äôm a pioneer.",3bad542572ff425b838c6ff71948b705,Yes
spotify:track:5LlqkuTxFFP5cZ3NpIrZmA,No Regrets,Edith Piaf - The Best Of,√âdith Piaf,36d943fd539042239fb5646d50d0a9ad,2023-10-17T22:21:28Z,,3bad542572ff425b838c6ff71948b705,No
spotify:track:5tVA6TkbaAH9QMITTQRrNv,Free Fallin',Full Moon Fever,Tom Petty,05b91a3329b842708bfc13de7d68071f,2023-10-19T21:14:11Z,Now I can finally eat hot pockets alone in my cave IN PEACE. ,3bad542572ff425b838c6ff71948b705,Yes
spotify:track:7It33XkE67oG5BOumMMILy,Espn Sports Center Theme,Summon the Heroes,"Michigan State University Spartan Marching Band, John T. Madden",283bbe28de144d8699a1126d13543e37,2023-10-19T23:47:23Z,"The ultimate love song for my sweet truest love, football. Bye wife!!!!",3bad542572ff425b838c6ff71948b705,Yes
spotify:track:0d9nZB40XadYBO7q80YkrU,I Am The Moon,I Am The Moon,Tedeschi Trucks Band,42d9f1ea11924ac080011b6a3906a78e,2023-10-26T20:01:55Z,I love this band,ad7e92aaaaa545319d249b6932efc74c,Yes
spotify:track:1bGas968flWbyqIdVqlHt4,The Golden Age,Sea Change,Beck,05b91a3329b842708bfc13de7d68071f,2023-10-27T01:10:51Z,"Sure it depressing (it‚Äôs beck!) but it‚Äôs slow, it‚Äôs chill, and it‚Äôs very reminiscent of my fantasy season.  I am at peace and very relaxed. ",ad7e92aaaaa545319d249b6932efc74c,Yes
spotify:track:2FTZeRHQ4gRPViPMpWL9uX,I'm Alive,A New Day Has Come,C√©line Dion,283bbe28de144d8699a1126d13543e37,2023-10-27T01:47:01Z,"When Celine, queen of us all, tells you to relax, you better listen. 

""When you bless the day, I just drift away, all my worries die""

She's a ""woman on clouds above"" folks, get with the program. 

Doesn't this song just like somehow smell like coconuts?",ad7e92aaaaa545319d249b6932efc74c,Yes
spotify:track:2K22nUTdyr48JDwI5t906t,Relax,Welcome To The Pleasuredome,Frankie Goes To Hollywood,146061bd9e9d40ff8e566c1fb0cf8d91,2023-10-26T20:28:09Z,"Take a break from horfing down your crazy pills to justify your dumb waiver picks, then shut those peepers and imagine Pat Mahomes doing a Blue Steel pose. Oh and make sure all the blinds are closed.",ad7e92aaaaa545319d249b6932efc74c,Yes
spotify:track:2yiISACbYnL2hApy1ffKKs,Misty - Remastered 2020,Gemini (Octave Remastered Series),Erroll Garner,43bc65daa20a4c7493432d846d37be15,2023-10-24T12:12:33Z,"If you don‚Äôt think this is relaxing, you deserve to have a voodoo doll with your name on it ",ad7e92aaaaa545319d249b6932efc74c,No
spotify:track:4yugZvBYaoREkJKtbG08Qr,Take It Easy - 2013 Remaster,Eagles (2013 Remaster),Eagles,9e24a3377ce948939e270f6c2c4f6d1d,2023-10-26T22:02:37Z,,ad7e92aaaaa545319d249b6932efc74c,No
spotify:track:635mzxhITS1xY3AVSLKgyD,Breathe,Hotel Paper,Michelle Branch,d70b6dc57792481f870a0dcc49fb2b7e,2023-10-27T00:50:06Z,"No time like the bye to find a quiet moment and bullet journal, pull out the vison board, and manifest wins üòá",ad7e92aaaaa545319d249b6932efc74c,Yes
spotify:track:6Hu6dzwlvoyg3zBUC8k4BK,Sailing,Christopher Cross,Christopher Cross,cc4efe883de54a888a6ebe56d37b51a2,2023-10-27T00:27:34Z,A la Liz Lemon,ad7e92aaaaa545319d249b6932efc74c,Yes
spotify:track:6kkwzB6hXLIONkEk9JciA6,Weightless,The Ambient Zone Just Music Cafe Vol 4,Marconi Union,111c3494cbc6416e847d29e116a30233,2023-10-27T00:47:24Z,I read somewhere that this song reduces stress and anxiety more than a massage. *insert Deshaun Watson reference here*,ad7e92aaaaa545319d249b6932efc74c,Yes
spotify:track:6Vaj5q8RxJMo6Hhzp5lL2Q,"Afternoon Delight (From ""Anchorman: The Legend of Ron Burgundy"")",Stay Classy - Songs from the Anchorman Movies,TMC Movie Tunez,6de986b735634d1f855fa96fd0b4c188,2023-10-24T19:33:20Z,60% of the time it works every time.,ad7e92aaaaa545319d249b6932efc74c,Yes
spotify:track:7By2nVsabAqmEJwhr8IJ9A,As It Was,Volume 1,"Pop Goes Ambient, Vancouver Sleep Clinic, Amelia Magdalena",36d943fd539042239fb5646d50d0a9ad,2023-10-26T01:10:04Z,"Being bottom of the barrel in my fantasy league?  You know it‚Äôs just the same as it was :(

Damn you Clyde for making me confront these emotions!!",ad7e92aaaaa545319d249b6932efc74c,Yes
spotify:track:7mrKhLXViRrMTNEfAk2c7T,"Relax (From ""Zoolander"")",Blue Steel Zoolander Party Mix,Fandom,73792dc4fb134f42b35fb1e95aafc997,2023-10-25T22:27:56Z,"Just relax, and don't kill the Prime Minister of Malaysia ",ad7e92aaaaa545319d249b6932efc74c,Yes
spotify:track:0Mdg18Zjejky8cPUoQh7Cg,The Anti-Vaxxer,Doctor Feelgood,Henrik Widegren,6de986b735634d1f855fa96fd0b4c188,2023-10-31T00:29:05Z,"You know it's hot to refuse the shot. Give me no injection, I want the real infection.

He must be doing something right - look at his NFL career. Oh wait...",db0a3af5f1034d13967918831e2743c3,Yes
spotify:track:0u9ORuO4xOQY5SHxNcvCnV,Don't Tread on Me (Remastered),Metallica (Remastered),Metallica,111c3494cbc6416e847d29e116a30233,2023-11-02T13:06:59Z,"After months of ayahuasca dreams and achilles-torn nightmares, this beacon of libertarianism sings his anthem to a room of the smartest people that dumb people could ever conceive of. 
Elon Musk enters wearing a blue ‚ÄúReagan/Bush ‚Äò98‚Äù t-shirt, having left his Tesla Model X to parallel parked itself over a stray dog. 
Joe Rogan + RFK Jr wave as they tap their feet off-beat and smoke clove cigarettes (which are safer, they did the research). The ghost of Ayn Rand smiles up at them from hell. ",db0a3af5f1034d13967918831e2743c3,Yes
spotify:track:1fidCEsYlaVE3pHwKCvpFZ,Am I Wrong,Black Star Elephant,Nico & Vinz,146061bd9e9d40ff8e566c1fb0cf8d91,2023-10-31T01:17:18Z,"He modifies the lyrics a bit:
""Am I wrong?
For thinkin we just need natural immunity?
Now am I wrong? 
For not trusting Doc Fauci?
But that's just how I feeeel...""",db0a3af5f1034d13967918831e2743c3,Yes
spotify:track:1ibHApXtb0pgplmNDRLHrJ,Achilles Last Stand - Remaster,Presence (Remaster),Led Zeppelin,9e24a3377ce948939e270f6c2c4f6d1d,2023-11-02T14:43:42Z,,db0a3af5f1034d13967918831e2743c3,No
spotify:track:28cnXtME493VX9NOw9cIUh,Hurt,American IV: The Man Comes Around,Johnny Cash,05b91a3329b842708bfc13de7d68071f,2023-11-02T18:48:02Z,Too soon?,db0a3af5f1034d13967918831e2743c3,Yes
spotify:track:2tp3g2LqEKq1ZxvfXaQUcc,I Ain't Been Nowhere,I Ain't Been Nowhere,Chuck Mead,36d943fd539042239fb5646d50d0a9ad,2023-10-31T14:00:52Z,Arod doing group therapy by singing this to the typical football crowd,db0a3af5f1034d13967918831e2743c3,Yes
spotify:track:3L7RtEcu1Hw3OXrpnthngx,Don't You Want Me,Dare!,The Human League,42d9f1ea11924ac080011b6a3906a78e,2023-11-02T18:45:43Z,,db0a3af5f1034d13967918831e2743c3,No
spotify:track:4bHsxqR3GMrXTxEPLuK5ue,Don't Stop Believin',Escape (Bonus Track Version),Journey,73792dc4fb134f42b35fb1e95aafc997,2023-10-31T00:39:39Z,His unvaxxed body will recover faster and he'll be back in time to lead the Jets to the Super Bowl and celebrate on the Pat McAfee show. Never don't stop believin' Aaron ,db0a3af5f1034d13967918831e2743c3,Yes
spotify:track:5ruOPfyxSa2dkpZRyMx1OK,NO VACCINE,BLOOD MONEY,TWENTYTHREE,43bc65daa20a4c7493432d846d37be15,2023-11-02T11:02:34Z,Aaron wants you to hear his voice! NO VAX! ,db0a3af5f1034d13967918831e2743c3,Yes
spotify:track:6naxalmIoLFWR0siv8dnQQ,Oops!...I Did It Again,Oops!... I Did It Again,Britney Spears,cc4efe883de54a888a6ebe56d37b51a2,2023-11-02T18:33:33Z,He keeps injuring himself right? ,db0a3af5f1034d13967918831e2743c3,Yes
spotify:track:6PypGyiu0Y2lCDBN1XZEnP,Everybody Hurts,Automatic For The People,R.E.M.,283bbe28de144d8699a1126d13543e37,2023-11-02T19:06:02Z,"A big ol breakup, being revealed as a COVID truther and QAnon flirter, and then breaking his body mere moments after the start of the season? Mr. Rodgers has had a helluva few years and a lot to process. 

Was this song written just for him? He thinks so.

Swaying and wailing along helps him navigate his glass case of emotion. What better way to emotionally grow than taking it to the karaoke stage?",db0a3af5f1034d13967918831e2743c3,Yes
spotify:track:7qEHsqek33rTcFNT9PFqLf,Someone You Loved,Divinely Uninspired To A Hellish Extent,Lewis Capaldi,d70b6dc57792481f870a0dcc49fb2b7e,2023-11-01T20:53:07Z,"New Jersey residents are growing frustrated with aging QB, Aaron Rodgers, after reports of mic-hogging at local karaoke nights. ""He won't stop crying and singing Lewis Capaldi singles,"" says Hoboken resident, adding ""Shailene, please take him back, he's really sorry.""

In a recent interview, teammate, Zach Wilson, said ""when he publicly named me his 'Wednesday Wingman' I thought he was finally going to mentor me, but the job was just upsetting - like watching the whale scene from Avatar.""",db0a3af5f1034d13967918831e2743c3,Yes
spotify:track:0E70jrvuv9CkmjiQ2bcZLJ,Summertime Blues,Feedback,Rush,73792dc4fb134f42b35fb1e95aafc997,2023-11-09T22:02:33Z,There ain't no cure for the injury blues. Your injured player won't be RUSHing at all this week ,474dedf236ac4439b82253602cffb41a,Yes
spotify:track:0ujFmyKkSXQnlVMBz4plMM,St. James Infirmary Blues,The White Stripes,The White Stripes,cc4efe883de54a888a6ebe56d37b51a2,2023-11-10T01:34:38Z,Makes me so sad it makes me happy ,474dedf236ac4439b82253602cffb41a,Yes
spotify:track:1G2mAZQL8xfy9wRqC6fY6K,A Sparrow Alighted upon our Shoulder,Orph√©e,"J√≥hann J√≥hannsson, Air Lyndhurst String Orchestra, Anthony Weeden",43bc65daa20a4c7493432d846d37be15,2023-11-07T21:33:22Z,"I hope no one submitted funny song this round, because this is not a laughing matter, as sorrow alights upon my shoulder when my star player is out with an injury",474dedf236ac4439b82253602cffb41a,Yes
spotify:track:1mRgKRgepP675IQwtpIgeM,Not Crying,The Distant Future,Flight of the Conchords,146061bd9e9d40ff8e566c1fb0cf8d91,2023-11-09T21:48:01Z,,474dedf236ac4439b82253602cffb41a,Yes
spotify:track:22folQ3QnjKJJbLio4clzr,Why Does My Heart Feel So Bad?,Play & Play: B Sides,Moby,9e24a3377ce948939e270f6c2c4f6d1d,2023-11-10T00:31:32Z,,474dedf236ac4439b82253602cffb41a,No
spotify:track:2HoqbEOXgbDSLZ5XCePEXt,Hit the Road Jack,Soul,Ray Charles,42d9f1ea11924ac080011b6a3906a78e,2023-11-07T21:42:30Z,This is the tune I want Brendan singing about Justin Jefferson so I can get him fo free ,474dedf236ac4439b82253602cffb41a,Yes
spotify:track:3de9QMMvkyDop04qy2w92t,I Put My Trust In You,The Real Folk Blues,John Lee Hooker,36d943fd539042239fb5646d50d0a9ad,2023-11-10T01:45:16Z,"Daniel Jones didn't just tear his ACL this week, he tore at the very fabric of America #AHouseDividedCannotStand #AndNeverCanMyGDStarQuarterback",474dedf236ac4439b82253602cffb41a,Yes
spotify:track:3kZC0ZmFWrEHdUCmUqlvgZ,I Will Follow You into the Dark,Plans,Death Cab for Cutie,6de986b735634d1f855fa96fd0b4c188,2023-11-09T12:38:19Z,"Everyone knows that if your best player is out, the only thing you can do is commit hari-kari.

I've personally done this about 5 times this year and it has worked wonders!",474dedf236ac4439b82253602cffb41a,Yes
spotify:track:4oGTdOClZUxcM2H3UmXlwL,Ironic,Jagged Little Pill,Alanis Morissette,05b91a3329b842708bfc13de7d68071f,2023-11-07T21:29:26Z,,474dedf236ac4439b82253602cffb41a,No
spotify:track:6Vc5wAMmXdKIAM7WUoEb7N,Say Something,Is There Anybody Out There?,"A Great Big World, Christina Aguilera",d70b6dc57792481f870a0dcc49fb2b7e,2023-11-10T01:32:17Z,"*Read caption while listening*

I find myself again at Nick Chubb's hospital bedside, still blindly clinging to the desperate lie I told myself months ago: ""You'll be back for the playoffs ‚Äì we'll win this together, Champ.""

I open my keyboard app and as I sing alone through silent tears, a doctor begins to harmonize and the mournful chords of a string quartet slowly fill the empty halls.

I know in my heart he won't be back; but sometimes even the waves of fate break against the shores of will.",474dedf236ac4439b82253602cffb41a,Yes
spotify:track:7dyluIqv7QYVTXXZiMWPHW,Numb / Encore,Collision Course (Deluxe Version),"JAY-Z, Linkin Park",111c3494cbc6416e847d29e116a30233,2023-11-10T01:50:07Z,"Every time Christian McCaffery goes down, his fantasy owners go through all 5 stages of grief. But you know who has got it worse? His backup, Elijah Mitchell.
‚ÄúHe‚Äôs tired of being what you want him to be. Feeling so faithless, lost under the surface. Don't know what you're expecting of him. Put under the pressure of walking in McCaffey‚Äôs shoes‚Äù
Why the Jay-Z remix version you ask?? I don‚Äôt know actually. It‚Äôs just better. So you‚Äôre welcome. Stop yelling at me my players are injured! ",474dedf236ac4439b82253602cffb41a,Yes
spotify:track:7l6bGuXOsfTYnChFZNivuR,"Memory - From The Motion Picture Soundtrack ""Cats""","Memory (From The Motion Picture Soundtrack ""Cats"")",Jennifer Hudson,283bbe28de144d8699a1126d13543e37,2023-11-09T21:23:29Z,"""I can dream of the old days
Life was beautiful then
I remember the time I knew what happiness was""

I chose this version because Jennifer Hudson is GOAT AND ALSO because it's the more cursed movie.",474dedf236ac4439b82253602cffb41a,Yes
spotify:track:1cktZnxiONH0hR6Q3DKy8h,Drink In My Hand,Chief,Eric Church,05b91a3329b842708bfc13de7d68071f,2023-11-16T22:34:35Z,Ok here‚Äôs the pitch. Every time he sings ‚Äúall you gotta do is put a drink in my hand‚Äù they cut to a different quarterback slinging an icy coors into some dumb assholes hand. They catch it from their desk where they are working overtime and watching football on their phones. Hating work and gettin slammed- the American experience that unites us all. Coors gets it. ,ebd98a6333aa476e8c2e4909a6f14325,Yes
spotify:track:1gkn90ExKRNAOlhDs4RoW0,Working Man,Rush,Rush,73792dc4fb134f42b35fb1e95aafc997,2023-11-14T01:52:33Z,"""I get home at 5 o'clock, and I take myself out an ice-cold Coors.""

Matty Ice says as he flops down on the couch, content with another 3 interception game. His mountains are always blue.",ebd98a6333aa476e8c2e4909a6f14325,Yes
spotify:track:2YpeDb67231RjR0MgVLzsG,Old Town Road - Remix,7 EP,"Lil Nas X, Billy Ray Cyrus",6de986b735634d1f855fa96fd0b4c188,2023-11-15T03:52:01Z,"The camera pans over a dusty football field in a deserted stadium as the song starts. A single tumbleweed blows onto the field as the camera pans and comes to rest near a horse, just as its horseman gets down.

It's none other than Ray motherf***in Lewis, the working man's working man and America's hero. Just as the chorus comes in, lightning flashes from the sky, thunder claps and Ray Lewis and Lil Nas X appear in full uniform and break it down, lassos in one hand and beers in the other.",ebd98a6333aa476e8c2e4909a6f14325,Yes
spotify:track:2yZ8YizgareeDNcqI3NbAH,John Deere Green (feat. Morgan Wallen & HARDY),HIXTAPE Vol. 3: DIFFTAPE (Small Batch),"HIXTAPE, Joe Diffie, Morgan Wallen, HARDY",111c3494cbc6416e847d29e116a30233,2023-11-16T14:01:18Z,"‚ÄúA dirt road, a cold beer, 
A blue jeans, a red pickup.
A rural noun, a simply adjective‚Äù",ebd98a6333aa476e8c2e4909a6f14325,Yes
spotify:track:2ZLL9Blx7Tq4tBrhE9YvXE,The Underdog,Ga Ga Ga Ga Ga (2017 Remaster),Spoon,36d943fd539042239fb5646d50d0a9ad,2023-11-16T19:00:22Z,The ghost of Spuds Mackenzie goes feral on those dumbass frogs. Non-corporal carnage ensues.,ebd98a6333aa476e8c2e4909a6f14325,Yes
spotify:track:4OkD0WYpUTu8eJcDDVJERl,Heigh-Ho,Snow White and the Seven Dwarfs (Original Motion Picture Soundtrack),The Dwarf Chorus,283bbe28de144d8699a1126d13543e37,2023-11-16T22:50:36Z,"It's time we center the voices of actual workers. They even wrote the song, they were born ready.",ebd98a6333aa476e8c2e4909a6f14325,Yes
spotify:track:4ZVZBc5xvMyV3WzWktn8i7,Everyday People,Stand,Sly & The Family Stone,42d9f1ea11924ac080011b6a3906a78e,2023-11-16T21:36:05Z,"They don‚Äôt need a lead role. They‚Äôre gonna use their ridiculously rotund fatcat executives. Singing this song and slinging their champagne of beers from the tops of their multimillion dollar yachts to impoverish people in their slums. Trying to relate to the everyday person having to choose between driving their Bentley or Rolls Royce to work. You know, just an accurate representation of the general population. ",ebd98a6333aa476e8c2e4909a6f14325,Yes
spotify:track:6MLeJXYnK1orOLOsjd17H8,The Home Depot Beat - Remix,The Home Depot Beat (Remix),"Funtime3Freddy3, The Home Depot",43bc65daa20a4c7493432d846d37be15,2023-11-14T01:04:19Z,Chris Hemsworth (with his Thor hammer) is here to be your strong working man. ,ebd98a6333aa476e8c2e4909a6f14325,Yes
spotify:track:6s2wpWPFPAgKg2LXxi1Oee,"Santa Claus Is Comin' to Town - Live at C.W. Post College, Greenvale, NY - December 1975","Santa Claus Is Comin' to Town (Live at C.W. Post College, Greenvale, NY - December 1975)",Bruce Springsteen,cc4efe883de54a888a6ebe56d37b51a2,2023-11-16T23:40:44Z,"Well, the only correct answer is...we need Snowman Beerman back. And this time, he stars with an almost equally creepy CGI young Bruce (complete with a Santa hat, a festive red cutoff muscle tee, and the tightest jeans in America...yet, he is not cold), the yeti from the og video, and whatever other animatronic monstrosities Coors can think of. 

Thinking about this fake commercial made me crave a Coors light...yikes

https://www.youtube.com/watch?v=5oVHI8Y10h0&ab_channel=ReelChicagoReel360",ebd98a6333aa476e8c2e4909a6f14325,Yes
spotify:track:7aEtlGHoiPAfRB084NiDmx,Beer Never Broke My Heart,What You See Is What You Get,Luke Combs,d70b6dc57792481f870a0dcc49fb2b7e,2023-11-15T20:14:07Z,"*Montage of big dudes hauling hay in overalls, bearded men in flannels laughing around a camp fire, and buddies watching sports at a bar*

Gravely voice that guy who hangs out at Buc-ees: ""At the end of a long manly day, I always reach for an ice cold COORS LIGHT. I'm a hard man with a harder heart and I've never cried once my whole life. Except when Abigail left and took the kids last Christmas. COORS LIGHT would never do me like that. Abigail's cold, but COORS LIGHT's cold as the Rockies.""",ebd98a6333aa476e8c2e4909a6f14325,Yes
spotify:track:7M8fNsiycGeQWtAu8NxgvW,Factory,Darkness On the Edge of Town,Bruce Springsteen,146061bd9e9d40ff8e566c1fb0cf8d91,2023-11-16T18:58:24Z,"Coors knows their target demographic. Gotta go with the Deep 'Murican Heartland trifecta - The Boss himself, being proud of having shitty jobs with criminally low wages, and ole Timmy Tebow shoving religion in your face on the big screen",ebd98a6333aa476e8c2e4909a6f14325,Yes
spotify:track:7qEm8Z4KFLdCMlv96KykVd,Beer,Turn The Radio Off,Reel Big Fish,9e24a3377ce948939e270f6c2c4f6d1d,2023-11-16T22:47:10Z,,ebd98a6333aa476e8c2e4909a6f14325,No
spotify:track:0fsz7tJ7UKXT9hliLfO7aE,The Distance,Fashion Nugget,CAKE,6de986b735634d1f855fa96fd0b4c188,2023-11-23T18:59:53Z,"Just like this surprisingly good song, this surprisingly good underdog has made his way into our hearts and minds. Raheem Mostert is doing the mostest even despite being drafted for $1 and Dan Li is silently thankful (silent as always).

As the song goes:
""Bowel-shaking earthquakes
Of doubt and remorse.
Assail him, Impale him
With monster truck force.
But he's going the distance
He's going for speed.
And he's what we want
In a time of need.""

Raheem ignores his IBS and matches on.",fc7bb527ef974f8ca02853885e3b30d3,Yes
spotify:track:0UREO3QWbXJW3gOUXpK1am,The Fresh Prince of Bel-Air,Greatest Hits,DJ Jazzy Jeff & The Fresh Prince,283bbe28de144d8699a1126d13543e37,2023-11-23T18:04:23Z,"This is a story all about how his life got  flipped turned upside down. 

Please consider taking a minute, just sit right there, and this song will tell you how he became the prince of a town called Bel-Air.

I proudly present to you this day, a story of a miracle. An American hero. An inspiration.",fc7bb527ef974f8ca02853885e3b30d3,Yes
spotify:track:1F2JdXzAJRfCYNhIelTuVU,H√©matome,Tako Tsubo,L'Imp√©ratrice,42d9f1ea11924ac080011b6a3906a78e,2023-11-23T23:27:38Z,,fc7bb527ef974f8ca02853885e3b30d3,No
spotify:track:25H6P7a94WUr5102lC6TNI,I Want To Break Free,Bohemian Rhapsody (The Original Soundtrack),Queen,146061bd9e9d40ff8e566c1fb0cf8d91,2023-11-23T19:09:26Z,,fc7bb527ef974f8ca02853885e3b30d3,Yes
spotify:track:3a1lNhkSLSkpJE4MSHpDu9,Congratulations,Stoney (Deluxe),"Post Malone, Quavo",d70b6dc57792481f870a0dcc49fb2b7e,2023-11-23T03:28:34Z,"Yesterday, I was at my parent's house, ashing a powdered donut like a cigarette onto the kitchen floor. Today, I'm dishing hot, buttery dimes from the 50 at MetLife like I'm on The Bear and it's 40% off hot beefs. These jabrons never trusted ol Tommy DeVito till they NEEDED me, and now the east coast's locked down from the airstrikes I keep launching ü§å I've never once seen the playbook and I'll never need to. I run on pure instinct and cool mint ZYNs.",fc7bb527ef974f8ca02853885e3b30d3,Yes
spotify:track:3mcG2NI5G5vhrQtRda1YnA,The Middle,Bleed American (Deluxe Edition),Jimmy Eat World,9e24a3377ce948939e270f6c2c4f6d1d,2023-11-23T20:51:56Z,,fc7bb527ef974f8ca02853885e3b30d3,No
spotify:track:4TjMSZrbjPwzv3bMMbkvFa,Southpaw,Wild World,Kip Moore,cc4efe883de54a888a6ebe56d37b51a2,2023-11-23T12:01:36Z,This guy defied all the odds by achieving commercial success while being named Kip. ,fc7bb527ef974f8ca02853885e3b30d3,Yes
spotify:track:4zXa17K83Pp6N2yXdVc2sv,You're The Best,The Karate Kid: The Original Motion Picture Soundtrack,"Joe ""Bean"" Esposito",73792dc4fb134f42b35fb1e95aafc997,2023-11-22T22:29:45Z,The soundtrack to Randy Marsh beating up the Bat-Dad,fc7bb527ef974f8ca02853885e3b30d3,Yes
spotify:track:5DI9jxTHrEiFAhStG7VA8E,Started From the Bottom,Nothing Was The Same,Drake,111c3494cbc6416e847d29e116a30233,2023-11-22T22:13:17Z,"‚Äú    





                                           ‚Äú - Joyce, after she wins this league",fc7bb527ef974f8ca02853885e3b30d3,No
spotify:track:6V2GrhulSdfZDp1n1nZlKH,At Dawn,At Dawn: 20th Anniversary Edition,My Morning Jacket,36d943fd539042239fb5646d50d0a9ad,2023-11-23T12:02:38Z,"Imagine this: It's the crack of dawn, the underdog team's locker room is tense, and the scent of icy-hot is as thick as their hopes. In walks the coach, flips on the stereo, and 'At Dawn' starts to play. The team's mascot, a Phoenix named Bernie, ruffles its feathers as the players look up, inspired. They're the Scranton Scramblers and they've been at the bottom so long, they've got first-name basis with the janitors. But as Jim James‚Äô voice echoes, ""At Dawn,"" their spirits rise, ready to win.",fc7bb527ef974f8ca02853885e3b30d3,Yes
spotify:track:7cv28LXcjAC3GsXbUvXKbX,I Will Survive - Single Version,20th Century Masters: The Millennium Collection: Best Of Gloria Gaynor,Gloria Gaynor,43bc65daa20a4c7493432d846d37be15,2023-11-24T00:48:36Z,"In case you aren‚Äôt paying attention, let me copy and paste the lyrics to portrait in image of a strong player who will not give in/up and thrive 

You think I'd crumble?
You think I'd lay down and die?
Oh no, not I, I will THRIVE (survive) 
Oh, as long as I know how to love, I know I'll stay alive
I've got all my life to live
And I've got all my love to give and I'll THRIVE (survive) 
I will THRIVE (survive) ",fc7bb527ef974f8ca02853885e3b30d3,Yes
spotify:track:7nXq1vaZiz7PdbfojpPjW5,Fighter,Stripped,Christina Aguilera,05b91a3329b842708bfc13de7d68071f,2023-11-23T23:34:11Z,"Kind of unrelated, but this reminds me of the year Christina Aguilera won the Grammy for best new artist in 1999 and she was the total underdog because THAT WAS BRITNEYS FUCKIN GRAMMY YALL. Like seriously everyone in the world and other galaxies thought Britney had a lock on that award. There was a camera crew at her house to film her family reacting to her winning. Xtina was underdog of the century. V talented tho. Wait does this have to be about football ",fc7bb527ef974f8ca02853885e3b30d3,Yes
spotify:track:1zB4vmk8tFRmM9UULNzbLB,Thunder,Evolve,Imagine Dragons,283bbe28de144d8699a1126d13543e37,2023-12-01T02:13:35Z,"I feel like this crowd will love or hate this song choice. (‚ú®ü§ûüèºLove ü§ûüèº‚ú®)

This song came out while I was in grad school, but I was a different version of dumb during that time. Idk one time I insisted on drunkenly calling this guy we met at a Bob Marley themed karaoke bar (picture pucca shells everywhere, tiki grass bar, sand on the floor INSIDE type vibe) Rob Kardashian repeatedly and convinced most of the other people there to call him that too. He was a boomer too. ",e1b04cf2e7a34e2398c765bd6bef3f75,Yes
spotify:track:2A6yzRGMgSQCUapR2ptm6A,True Colors,True Colors,Cyndi Lauper,111c3494cbc6416e847d29e116a30233,2023-12-01T01:39:30Z,"‚ÄúAnd cheer with voices true‚Äù
My true colors include the opinion that this song rocks (and every fight song ever sucks)",e1b04cf2e7a34e2398c765bd6bef3f75,Yes
spotify:track:2Y90nL1ohB4sgYELDs7uNx,Glory Days,Born In The U.S.A.,Bruce Springsteen,05b91a3329b842708bfc13de7d68071f,2023-12-01T03:22:29Z,"This came from person who actually went to ND and attended every single game: ‚ÄúThere is a library that is like 13 or 14  stories tall. This library literally has a giant mosaic of Jesus on the outside. There was briefly a challenge to slam a beer on every floor starting top to bottom. So students were sneaking in backpacks of Keystone to get belligerently drunk, so much that they were checking backpacks by the end of the semester.‚Äù  She did complete this challenge, but only on half the floors. ",e1b04cf2e7a34e2398c765bd6bef3f75,Yes
spotify:track:4rDpP5uHieSTcblNk7wQ2y,Blue Bucket of Gold,Carrie & Lowell,Sufjan Stevens,6de986b735634d1f855fa96fd0b4c188,2023-11-30T16:54:48Z,"The summer before they all embarked to college, the Anchormen trooped down to the beach, drinks in hand, to revel in senior week. They laughed, danced and sang on the beach in all its glory. But when they returned, they did not see the evil guard following.

Mere hours later, they were caught red-handed as underage drinkers and forced to depart the inn. As cans were tossed and alcohol was poured out, dozing Samir was awoken with ""You gotta go man!,"" as Sufjan played in the halls.",e1b04cf2e7a34e2398c765bd6bef3f75,Yes
spotify:track:4tvBoSWeIW0bjhKNre5mod,Thunder Kiss '65,La Sexorcisto: Devil Music Volume 1,White Zombie,9e24a3377ce948939e270f6c2c4f6d1d,2023-12-01T03:57:11Z,"Tim Tebow: 

I remember in '09 after we won the national championship, we were celebrating in our locker room. All of a sudden Aaron Hernandez comes up to me and says ""I love you T Dawg!"" Before kissing me in a fit of passion. A second later we both pulled back, in shock, looking at each other. Nervously Aaron says, ""If you ever tell anyone about this, I'll have you killed."" ",e1b04cf2e7a34e2398c765bd6bef3f75,No
spotify:track:4xOYnUyz9T4Q2SEnkd3yy5,Heart Attack - Radio Edit,Heart Attack (Remixes),"Flight Facilities, Owl Eyes",43bc65daa20a4c7493432d846d37be15,2023-11-29T23:50:03Z,"I present you the finest selection. It took high level of effort to find a song that contains any words or phases from a short list of lyrics words‚Ä¶ by the time I found a semi decent song, I was mentally exhausted‚Ä¶ and I lacked of the better imagination to come up with a good story :( so please give it a good listen and vote accordingly, thank you, and good bye. ",e1b04cf2e7a34e2398c765bd6bef3f75,Yes
spotify:track:57bgtoPSgt236HzfBOd8kj,Thunderstruck,The Razors Edge,AC/DC,73792dc4fb134f42b35fb1e95aafc997,2023-11-29T02:50:15Z,I was riding high on a Griffin's back high above the storm when we dove down through the clouds and I was Thunderstruck. And then the shrooms wore off and I went and failed my midterm,e1b04cf2e7a34e2398c765bd6bef3f75,Yes
spotify:track:5jkFvD4UJrmdoezzT1FRoP,Rasputin,Nightflight to Venus,Boney M.,146061bd9e9d40ff8e566c1fb0cf8d91,2023-11-30T01:01:41Z,"One evening at a fraternity banquet I found myself caught in a moment of playful flirtation with a lovely dame, talking about folklore and mysticism, topics that seemed to pique her curiosity. Little did I know she was none other than the wife of Czar Nicholas II. Tensions escalated as the czar's supporters confronted me, words got heated, and soon a chaotic brawl erupted, ending only when the czar's wife intervened to diffuse the scuffle.

Note: I know ""Rah Rah"" isnt technically the title SORRY",e1b04cf2e7a34e2398c765bd6bef3f75,Yes
spotify:track:6P6PwoZNACtrkTsIZV8XS8,Bound for Glory,Revelator,Tedeschi Trucks Band,42d9f1ea11924ac080011b6a3906a78e,2023-11-30T18:07:35Z,"Glory
Freshman year of college, there was a blizzard. Naturally to had a snowball fight‚Ä¶indoors. This song was playing, as we lugged boxes full of snow into our dorm. Crescendoing, yelling ‚ÄúBound for glory!‚Äù as we pelted our roommates with our balls. After the battle had peaked, the corridors, walls, rooms, everything was covered in snow. Our RA walks in yelling, ‚ÄúIT LOOK LIKE OUTSIDE IN HERE.‚Äù We were reprimanded and had to clean all 3 levels of the dorm for a month. 

Glory to the victorious. ",e1b04cf2e7a34e2398c765bd6bef3f75,Yes
spotify:track:6ZSO7kPn8IMJFymyticbJO,Gold,low kii savage,Kiiara,36d943fd539042239fb5646d50d0a9ad,2023-11-29T08:13:48Z,"My roommates and I, decked out in U of T blue, decided to add some 'gold' flair for the big game - inspired by Kiiara's ""Gold"". We bought gold temporary hair dye, but turns out it was permanent. There I was, giving a major presentation the next week, trying to look serious with shimmering, golden locks. My professor dubbed me ""Midus"" for the rest of the term. On the bright side, I became a walking, talking school spirit symbol! üíá‚Äç‚ôÄÔ∏è‚ú®",e1b04cf2e7a34e2398c765bd6bef3f75,Yes
spotify:track:721tATaNQPPGSuC3dYEI3h,Sons & Daughters,The Crane Wife,The Decemberists,d70b6dc57792481f870a0dcc49fb2b7e,2023-11-30T14:24:55Z,"I think it's crazy that the Decemberists inspired the founders of Notre Dame so much that they included one of their song titles in their victory march. Here's a quote from the band: ""Thank you Notre Damn for the mad love. Happy 2009 baby."" I was personally inspired by this and ended up joining my school's troupe of travelling bards and toured the Baltic states every winter. We only sang Sons and Daughters and the ND victory march so our shows were brief, but moving.",e1b04cf2e7a34e2398c765bd6bef3f75,Yes
spotify:track:7kriFJLY2KOhw5en9iI2jb,Echoes,Meddle,Pink Floyd,cc4efe883de54a888a6ebe56d37b51a2,2023-12-01T03:55:45Z,Gotta listen to the whole thing pls ty Clyde ,e1b04cf2e7a34e2398c765bd6bef3f75,Yes
spotify:track:0hDQV9X1Da5JrwhK8gu86p,Maps,Fever To Tell (Deluxe Remastered),Yeah Yeah Yeahs,9e24a3377ce948939e270f6c2c4f6d1d,2023-12-06T02:25:42Z,Nothing like doing months of research just to lose to someone who autodrafts. ,7a2a50c7b35c473cb8651b48601a7ae8,Yes
spotify:track:11HaTjMKcdbL4RvQjql4IU,Hurt Feelings,I Told You I Was Freaky,Flight of the Conchords,73792dc4fb134f42b35fb1e95aafc997,2023-12-06T02:35:03Z,My players all got hurt...feelings,7a2a50c7b35c473cb8651b48601a7ae8,Yes
spotify:track:1jBYdIypgBUWZQ89uzwq7B,Die Cut (Theme),Die Cut,"Cut Chemist, Deantoni Parks",cc4efe883de54a888a6ebe56d37b51a2,2023-12-08T00:55:49Z,Oh no I can‚Äôt play football anymore what will I do ,7a2a50c7b35c473cb8651b48601a7ae8,Yes
spotify:track:33iv3wnGMrrDugd7GBso1z,My Own Worst Enemy,A Place In The Sun,Lit,6de986b735634d1f855fa96fd0b4c188,2023-12-06T04:31:06Z,"Sing in tune for max effect:

Can we forget about the things I did when I did my draft?

I didn't mean to pick that guy.

I can't remember what game it was
When I last scored some points.

Please tell me, please tell me,
 Whyyyyyyyyy

My team is a dumpster fire
and IIIIIII
Am about to lose the league now
I came through the trade window last night

But it's gone, gone

It's no surprise to me, I am my own worst enemy
",7a2a50c7b35c473cb8651b48601a7ae8,Yes
spotify:track:3HC6U39266ytr7fMW9M2Mz,Changes,Changes,"Charles Bradley, The Budos Band",d70b6dc57792481f870a0dcc49fb2b7e,2023-12-07T18:23:22Z,"Despite the common belief that Charles Bradley recorded this song for his dying mom, it's actually because he got absolutely funyun'd in his fantasy league and missed the playoffs. We all think we understand fantasy sadness, but Charles Bradley sowed and fostered it ‚Äì unleashing it right when your seasonal depression starts to peak back through the flowery shirts you buried it in at the first sign of spring this year. Changes is literally the opposite of Good Vibrations by the Beach Boys.",7a2a50c7b35c473cb8651b48601a7ae8,Yes
spotify:track:3rNYkRnptT2EJViC13Pae9,Everything Is Awful,I'll Be Your Girl,The Decemberists,283bbe28de144d8699a1126d13543e37,2023-12-07T21:21:15Z,"""Lay down your heavy head
It's safer here in bed
And let those voice ring
Everything, everything, everything, everything, everything, thing
Everything, everything, everything, everything, everything is awful""",7a2a50c7b35c473cb8651b48601a7ae8,Yes
spotify:track:3WpvCDpHLRGvD8i43GeuwW,Take Us Back,To Be Still,Alela Diane,146061bd9e9d40ff8e566c1fb0cf8d91,2023-12-08T00:26:23Z,Meet me when the snowmelt flows... Next year we will begin again... take us back to the years when my team had a chance... ,7a2a50c7b35c473cb8651b48601a7ae8,Yes
spotify:track:52BKblSQPK4aCGde4616Kn,Blood In The Cut - Aire Atlantica Remix,Blood In The Cut (Remixed),"K.Flay, Aire Atlantica",36d943fd539042239fb5646d50d0a9ad,2023-12-06T03:54:13Z,"Feeling the sting of missing the playoffs like getting a paper cut in the webbing of your fingers‚Äîand then squeezing a lemon. ""Blood In The Cut"" is the anthem for when your fantasy team's season bleeds out, leaving you to ponder life's cruel randomness as you clutch the ghost of your lineup sheet. ",7a2a50c7b35c473cb8651b48601a7ae8,Yes
spotify:track:6nYzdq0LlsU7mV8UZKfBof,Not My Fault,Hearth Room,Frost Children,111c3494cbc6416e847d29e116a30233,2023-12-07T23:58:23Z,"I pull up a chair and prepare to take a big hit of Copium because that shit was not my fault. 
‚ÄúJust look at my squad bro, I had studs! It‚Äôs just everyone else had like their best week of the year when they were playing me. Sort by ‚Äúpoints for,‚Äù I‚Äôve got like the 4th highest. Honestly I swear Taysom Hill goes off only on weeks he‚Äôs on my bench. When I finally played him over Goeddart and Tay goosed. Saints inconsistency at play calling cost me the Ship. Fantasy Gods had it out for me this year.‚Äù",7a2a50c7b35c473cb8651b48601a7ae8,Yes
spotify:track:7IctzNEJucIBzkAWYg6np2,The Chain,The Chain,Kerala Dust,42d9f1ea11924ac080011b6a3906a78e,2023-12-07T22:03:53Z,"A tale as old as time, man‚Äôs(and woman‚Äôs) love/hate relationship with fantasy football. Even though I didn‚Äôt make playoffs this year, I will be back next year. Around and around we go. ",7a2a50c7b35c473cb8651b48601a7ae8,Yes
spotify:track:7LVHVU3tWfcxj5aiPFEW4Q,Fix You,X&Y,Coldplay,43bc65daa20a4c7493432d846d37be15,2023-12-08T00:17:03Z,"This is how a husband expresses his regret in losing his family‚Äôs diaper money in football betting and he has to go home to face his disappointing wife

Tears stream down your face
When you lose something you cannot replace 
(When I lose my money in betting I cannot replace) 
Tears stream down your face, and I
Tears stream down your face
I promise you I will learn from my mistakes
(I promise you I will pick a better team) ",7a2a50c7b35c473cb8651b48601a7ae8,Yes
spotify:track:7w5AOd6HrDIHewHfpABEss,Wicked Game,Heart Shaped World,Chris Isaak,05b91a3329b842708bfc13de7d68071f,2023-12-07T17:48:40Z,The world was on fire and no one could save me but kirk cousins. ,7a2a50c7b35c473cb8651b48601a7ae8,Yes
spotify:track:0vMctOnb4YNIvbqgkbWNDy,It Runs Through Me (feat. De La Soul),Geography,"Tom Misch, De La Soul",42d9f1ea11924ac080011b6a3906a78e,2023-12-15T01:47:48Z,"I didn‚Äôt learn anything new I didn‚Äôt already know about myself. You can‚Äôt take this away from me, it runs in my veins. Naturally, my touchdown dance is main-lining black tar heroin. ",366217c0fd8644fdbd657a284a74e498,Yes
spotify:track:10ecV5dPqa4XJOtVQRqYSX,Sweet Victory,Spongebob Squarepants - The Yellow Album,"David Glen Eisley, Bob Kulick",9e24a3377ce948939e270f6c2c4f6d1d,2023-12-14T15:44:28Z,,366217c0fd8644fdbd657a284a74e498,No
spotify:track:1LhFadk0aWYczltTjIbFlI,Son of Man,Tarzan (Original Motion Picture Soundtrack),Phil Collins,d70b6dc57792481f870a0dcc49fb2b7e,2023-12-14T21:38:43Z,"Phil fucking Collins and the Tarzan soundtrack had an unwaivering grip on my little heart from 1999 on. Everyone was like ""Phil we just need a few songs about some monkeys"" and Phil was like ""uh they're actually gorillas and I wrote pure fire so buckle up we're exiting the atmosphere with this one"". After listening to over 150 songs from you all this season, Son of Man is the only one I'd hit the griddy to in the end zone. And now that I started listening, I have to finish the album, goodbye. ",366217c0fd8644fdbd657a284a74e498,Yes
spotify:track:22oEJW6r2rMb9z4IntfyEa,"Hey Look Ma, I Made It",Pray for the Wicked,Panic! At The Disco,05b91a3329b842708bfc13de7d68071f,2023-12-15T03:41:29Z,I learned that I definitely can‚Äôt delineate good writing/creative comments from the merits of the actual song submission (sorry Joyce). ,366217c0fd8644fdbd657a284a74e498,Yes
spotify:track:3LXIvodfhQ076Nk2RdHPYb,Level Up,Aims,Vienna Teng,146061bd9e9d40ff8e566c1fb0cf8d91,2023-12-14T22:14:58Z,,366217c0fd8644fdbd657a284a74e498,No
spotify:track:4bAFo6r2ODMDoqM5YHV2gM,I Like To Move It,Madagascar: Escape 2 Africa (Music From The Motion Picture),will.i.am,73792dc4fb134f42b35fb1e95aafc997,2023-12-13T01:36:02Z,This needn't a caption. I learned nothing,366217c0fd8644fdbd657a284a74e498,Yes
spotify:track:5iSEsR6NKjlC9SrIJkyL3k,Pursuit Of Happiness (Nightmare),Man On The Moon: The End Of Day,"Kid Cudi, MGMT, Ratatat",6de986b735634d1f855fa96fd0b4c188,2023-12-12T12:39:18Z,"If I win this league it will be the comeback of a century, require everyone to give the Ben Prices negative votes and this prompt will need to slap as much as this song.

I learned a lot in this league:
- My core music tastes are either awful or just not what this group likes
- But my commentary can save me
- I need to set reminders
- This music league is my true fam

We need to do this again. We should also merge league chats for one big happy trolling family.",366217c0fd8644fdbd657a284a74e498,Yes
spotify:track:5W3cjX2J3tjhG8zb6u0qHn,"Harder, Better, Faster, Stronger",Discovery,Daft Punk,43bc65daa20a4c7493432d846d37be15,2023-12-13T23:40:26Z,"Wining this league is not the end goal, okay? We gotta do it harder, better, faster, stronger!! 
Harder - Research harder, putting more effort into music research
Better -  Expand the horizon! Explore more genres! No overplayed song
Faster - Don‚Äôt be the last person to submit or to vote! 
Stronger - Come out of the ML with thicker skin after receiving many down votes from non appreciaters 

What did I learn about myself? My sense of humor is negative base - I love shitting on people, lolzzzz",366217c0fd8644fdbd657a284a74e498,Yes
spotify:track:68iIALIAQ03juj9BZpafox,Good Times Roll,Good Times Roll,"Big Gigantic, GRiZ",36d943fd539042239fb5646d50d0a9ad,2023-12-15T00:55:15Z,"As I slide into the end zone of this league, ""Good Times Roll"" blasts, and I'm hit with the realization that I learned more about myself than how to pick a fire playlist. I learned that my inner dance moves are directly influenced by saxophone solos, and that my victory shimmy has the power to make even Tom Brady consider retirement for real this time. Cheers to the good times and funky tunes! üé∑üï∫üéâ

Much love,
Ben Price",366217c0fd8644fdbd657a284a74e498,Yes
spotify:track:6Sy9BUbgFse0n0LPA5lwy5,Sandstorm,"Before the Storm, Special Edition",Darude,283bbe28de144d8699a1126d13543e37,2023-12-15T02:36:02Z,"I'm dancing to all 7 minutes and 26 seconds of this one.

I learned that the true points you earn are the friends you make along the way ü§å",366217c0fd8644fdbd657a284a74e498,Yes
spotify:track:6tL1I2F1BWhhQpwFUQztEz,Welcome to Vulf Records,Thrill of the Arts,Vulfpeck,111c3494cbc6416e847d29e116a30233,2023-12-14T22:16:35Z,This song makes me as happy as a clam. It is indicative of the feeling of a touchdown as well as the feeling of participating in this music league  with you all. Best of luck in your upcoming fantasy football music seasons ü§ù‚ù§Ô∏è,366217c0fd8644fdbd657a284a74e498,Yes
